Date,Path
01/01/1890,cg1890p3_folder_0
1/1/1902,cg1902p2_folder_0
1/1/1913,calcgazette1913_folder_0
1/1/1919,cg1919p3_folder_1
1/1/1919,cg1919p7_folder_0
1/1/1925,cg1925p2_folder_1
1/1/1931,cg1931p11_folder_0
1/1/1931,cg1931p7_folder_0
01/10/1894,cg1894p2_folder_2
01/10/1894,cg1894p4_folder_1
1/10/1900,cg1900p4_folder_2
1/10/1906,cg1906p3_folder_3
1/10/1912,calcgaz1912_folder_2
1/10/1917,cg1917p3_folder_1
1/10/1929,cg1929p1_folder_2
01/11/1893,cg1893p1_folder_3
01/11/1893,cg1893p2_folder_2
1/11/1911,Calcutta1911_folder_3
1/11/1922,cg1922p2_folder_1
01/12/1898,cg1898p2_folder_2
01/12/1898,cg1898p3_folder_1
1/12/1910,calcutta_gazette_june_march_1910_folder_3
1/12/1916,cg1916p3_folder_3
1/12/1928,cg1928p5_folder_2
1/12/1933,cg1933p2_folder_1
01/13/1892,cg1892p1_folder_1
01/13/1892,cg1892p5_folder_5
1/13/1904,cg1904p3_folder_1
1/13/1909,cg1909p2_folder_3
1/13/1927,cg1926p2_folder_4
1/14/1914,cg1914p4_folder_3
1/14/1926,cg1926p4_folder_1
1/14/1932,cg1932p6_folder_3
01/15/1896,cg1896p4_folder_4
1/15/1902,cg1902p2_folder_2
1/15/1912,calcgaz1912_folder_3
1/15/1913,calcgazette1913_folder_2
1/15/1919,cg1919p3_folder_3
1/15/1919,cg1919p7_folder_2
1/15/1925,cg1925p2_folder_3
1/15/1931,cg1931p11_folder_2
1/15/1931,cg1931p7_folder_2
1/16/1901,cg1901p3_folder_2
1/16/1901,cg1901p4_folder_6
1/16/1924,cg1924p1_folder_4
1/16/1930,cg1930p2_folder_3
01/17/1894,cg1894p2_folder_4
01/17/1894,cg1894p4_folder_2
1/17/1900,cg1900p4_folder_3
1/17/1906,cg1906p3_folder_4
1/17/1917,cg1917p3_folder_2
1/17/1929,cg1929p1_folder_3
01/18/1893,cg1893p1_folder_4
01/18/1893,cg1893p2_folder_4
1/18/1911,Calcutta1911_folder_5
1/19/1910,calcutta_gazette_june_march_1910_folder_5
1/19/1916,cg1916p3_folder_5
1/19/1921,cg1921p4_folder_3
1/19/1928,cg1928p5_folder_3
1/19/1933,cg1933p2_folder_2
01/02/1895,cg1895p1_folder_0
1/2/1901,cg1901p4_folder_1
1/2/1924,cg1924p1_folder_1
1/2/1930,cg1930p2_folder_1
01/20/1892,cg1892p1_folder_2
01/20/1892,cg1892p5_folder_7
01/20/1897,cg1897p1_folder_0
1/20/1904,cg1904p3_folder_3
1/20/1904,cg1904p8_folder_0
1/20/1909,cg1909p2_folder_5
1/20/1927,cg1926p2_folder_5
1/21/1914,cg1914p4_folder_1
1/21/1914,cg1914p4_folder_2
1/21/1926,cg1926p4_folder_2
1/21/1932,cg1932p6_folder_4
01/22/1890,cg1890p3_folder_3
1/22/1902,cg1902p2_folder_4
1/22/1912,calcgaz1912_folder_4
1/22/1913,calcgazette1913_folder_3
1/22/1919,cg1919p3_folder_4
1/22/1919,cg1919p7_folder_4
1/22/1925,cg1925p2_folder_4
1/22/1931,cg1931p11_folder_3
1/22/1931,cg1931p7_folder_3
01/23/1898,cg1898p2_folder_5
1/23/1901,cg1901p3_folder_4
1/23/1901,cg1901p4_folder_8
1/23/1924,cg1924p1_folder_5
1/23/1930,cg1930p2_folder_4
01/24/1894,cg1894p2_folder_6
01/24/1894,cg1894p4_folder_3
1/24/1900,cg1900p4_folder_4
1/24/1906,cg1906p3_folder_8
1/24/1917,cg1917p3_folder_11
1/24/1929,cg1929p1_folder_5
01/25/1893,cg1893p1_folder_5
01/25/1893,cg1893p2_folder_5
1/25/1911,Calcutta1911_folder_7
1/25/1922,cg1922p2_folder_3
01/26/1898,cg1898p3_folder_3
1/26/1910,calcutta_gazette_june_march_1910_folder_6
1/26/1916,cg1916p3_folder_7
1/26/1921,cg1921p4_folder_4
1/26/1928,cg1928p5_folder_4
1/26/1933,cg1933p2_folder_4
01/27/1892,cg1892p1_folder_4
01/27/1892,cg1892p5_folder_9
01/27/1897,cg1897p1_folder_1
1/27/1904,cg1904p3_folder_5
1/27/1904,cg1904p8_folder_1
1/27/1909,cg1909p2_folder_6
1/27/1927,cg1926p2_folder_6
1/28/1914,cg1914p4_folder_0
1/28/1926,cg1926p4_folder_3
1/28/1932,cg1932p6_folder_5
1/29/1913,calcgazette1913_folder_4
1/29/1919,cg1919p3_folder_5
1/29/1919,cg1919p7_folder_5
1/29/1925,cg1925p2_folder_5
1/29/1931,cg1931p11_folder_4
1/29/1931,cg1931p7_folder_4
01/03/1894,cg1894p2_folder_0
01/03/1894,cg1894p4_folder_0
1/3/1900,cg1900p4_folder_0
1/3/1906,cg1906p3_folder_0
1/3/1906,cg1906p3_folder_2
1/3/1912,calcgaz1912_folder_1
1/3/1917,cg1917p3_folder_0
1/3/1929,cg1929p1_folder_0
1/30/1901,cg1901p3_folder_5
1/30/1901,cg1901p4_folder_9
1/30/1924,cg1924p1_folder_6
01/31/1894,cg1894p2_folder_7
01/31/1894,cg1894p4_folder_4
1/31/1900,cg1900p4_folder_5
1/31/1912,calcgaz1912_folder_6
1/31/1917,cg1917p3_folder_3
1/31/1923,cg1923p3_folder_0
1/31/1929,cg1929p1_folder_6
01/04/1893,cg1893p2_folder_0
1/4/1911,Calcutta1911_folder_1
01/04/1893,cg1893p1_folder_0
01/05/1898,cg1898p2_folder_0
01/05/1898,cg1898p3_folder_0
1/5/1910,calcutta_gazette_june_march_1910_folder_2
1/5/1916,cg1916p3_folder_1
1/5/1921,cg1921p4_folder_0
1/5/1928,cg1928p5_folder_1
1/5/1933,cg1933p2_folder_0
01/06/1892,cg1892p1_folder_0
01/06/1892,cg1892p5_folder_2
1/6/1909,cg1909p2_folder_2
1/6/1927,cg1926p2_folder_3
1/7/1914,cg1914p4_folder_4
1/7/1926,cg1926p4_folder_0
1/7/1932,cg1932p6_folder_0
01/08/1890,cg1890p3_folder_1
01/08/1896,cg1896p4_folder_1
1/8/1902,cg1902p2_folder_1
1/8/1913,calcgazette1913_folder_1
1/8/1919,cg1919p3_folder_2
1/8/1919,cg1919p7_folder_1
1/8/1925,cg1925p2_folder_2
1/8/1931,cg1931p11_folder_1
1/8/1931,cg1931p7_folder_1
01/09/1895,cg1895p1_folder_3
1/9/1901,cg1901p3_folder_0
1/9/1901,cg1901p4_folder_4
1/9/1924,cg1924p1_folder_3
1/9/1930,cg1930p2_folder_2
02/01/1893,cg1893p1_folder_6
02/01/1893,cg1893p2_folder_6
2/1/1905,cg1905p3_folder_0
2/1/1911,Calcutta1911_folder_10
2/1/1922,cg1922p2_folder_5
02/10/1892,cg1892p1_folder_6
02/10/1892,cg1892p5_folder_13
02/10/1897,cg1897p1_folder_3
2/10/1904,cg1904p3_folder_10
2/10/1904,cg1904p8_folder_3
2/10/1909,cg1909p2_folder_9
2/10/1927,cg1926p2_folder_9
2/11/1914,cg1914p4_folder_8
2/11/1914,cg1914p4_folder_9
2/11/1926,cg1926p4_folder_6
2/11/1932,cg1932p6_folder_7
02/12/1890,cg1890p3_folder_8
02/12/1896,cg1896p4_folder_8
2/12/1902,cg1902p2_folder_6
2/12/1913,calcgazette1913_folder_6
2/12/1913,calcgazette1913_folder_7
2/12/1919,cg1919p3_folder_7
2/12/1919,cg1919p7_folder_7
2/12/1925,cg1925p2_folder_9
2/12/1931,cg1931p4_folder_2
2/13/1901,cg1901p3_folder_7
2/13/1901,cg1901p4_folder_10
2/13/1924,cg1924p1_folder_8
2/13/1930,cg1930p2_folder_7
02/14/1894,cg1894p2_folder_11
02/14/1894,cg1894p4_folder_6
2/14/1900,cg1900p3_folder_2
2/14/1900,cg1900p4_folder_6
2/14/1906,cg1906p3_folder_11
2/14/1912,calcgaz1912_folder_9
2/14/1917,cg1917p3_folder_5
2/14/1929,cg1929p1_folder_9
02/15/1893,cg1893p1_folder_8
02/15/1893,cg1893p2_folder_8
2/15/1905,cg1905p3_folder_3
2/15/1911,Calcutta1911_folder_13
2/15/1922,cg1922p2_folder_7
02/16/1898,cg1898p2_folder_12
02/16/1898,cg1898p3_folder_6
2/16/1910,calcutta_gazette_june_march_1910_folder_11
2/16/1916,cg1916p3_folder_10
2/16/1928,cg1928p2_folder_2
2/16/1928,cg1928p5_folder_7
2/16/1933,cg1933p2_folder_9
2/16/1933,cg1933p5_folder_3
02/17/1892,cg1892p1_folder_8
02/17/1892,cg1892p5_folder_17
02/17/1897,cg1897p1_folder_4
2/17/1904,cg1904p3_folder_12
2/17/1904,cg1904p8_folder_5
2/17/1909,cg1909p2_folder_10
2/17/1915,cg1915p5_folder_4
2/17/1927,cg1926p2_folder_10
2/18/1914,cg1914p4_folder_6
2/18/1920,cg1920p3_folder_4
2/18/1926,cg1926p4_folder_7
2/18/1932,cg1932p6_folder_9
02/19/1890,cg1890p3_folder_12
2/19/1902,cg1902p2_folder_7
2/19/1913,calcgazette1913_folder_8
2/19/1919,cg1919p3_folder_9
2/19/1919,cg1919p7_folder_9
2/19/1925,cg1925p2_folder_10
2/19/1931,cg1931p11_folder_8
2/19/1931,cg1931p4_folder_3
2/19/1931,cg1931p7_folder_7
02/02/1898,cg1898p2_folder_10
02/02/1898,cg1898p3_folder_4
2/2/1910,calcutta_gazette_june_march_1910_folder_7
2/2/1916,cg1916p3_folder_8
2/2/1921,cg1921p4_folder_5
2/2/1928,cg1928p5_folder_5
2/2/1933,cg1933p2_folder_6
2/2/1933,cg1933p5_folder_0
2/20/1901,cg1901p3_folder_9
2/20/1901,cg1901p4_folder_11
2/20/1924,cg1924p1_folder_10
2/20/1930,cg1930p2_folder_8
2/20/1930,cg1930p4_folder_2
02/21/1894,cg1894p4_folder_8
2/21/1900,cg1900p3_folder_3
2/21/1900,cg1900p4_folder_7
2/21/1906,cg1906p3_folder_13
2/21/1912,calcgaz1912_folder_10
2/21/1917,cg1917p3_folder_6
2/21/1929,cg1929p1_folder_11
2/21/1929,cg1929p4_folder_3
02/22/1893,cg1893p1_folder_10
2/22/1905,cg1905p3_folder_5
2/22/1911,Calcutta1911_folder_15
2/22/1922,cg1922p2_folder_9
02/23/1898,cg1898p2_folder_13
2/23/1910,calcutta_gazette_june_march_1910_folder_12
2/23/1916,cg1916p3_folder_11
2/23/1928,cg1928p2_folder_3
2/23/1928,cg1928p5_folder_8
2/23/1933,cg1933p2_folder_10
2/23/1933,cg1933p5_folder_4
02/24/1892,cg1892p1_folder_9
02/24/1897,cg1897p1_folder_5
2/24/1904,cg1904p3_folder_13
2/24/1904,cg1904p8_folder_6
2/24/1909,cg1909p2_folder_11
2/24/1915,cg1915p5_folder_6
2/24/1927,cg1926p2_folder_11
2/25/1914,cg1914p4_folder_5
2/25/1920,cg1920p3_folder_5
2/25/1926,cg1926p4_folder_8
2/25/1932,cg1932p1_folder_0
2/25/1932,cg1932p6_folder_10
02/26/1896,cg1896p4_folder_12
2/26/1902,cg1902p2_folder_8
2/26/1913,calcgazette1913_folder_9
2/26/1913,calcGazettejanuarydecember1911_folder_0
2/26/1916,cg1919p7_folder_10
2/26/1919,cg1919p3_folder_10
2/26/1925,cg1925p2_folder_11
2/26/1931,cg1931p4_folder_4
2/26/1931,cg1931p7_folder_8
02/27/1895,cg1895p1_folder_7
2/27/1901,cg1901p3_folder_10
2/27/1901,cg1901p4_folder_12
2/27/1924,cg1924p1_folder_11
2/27/1930,cg1930p2_folder_9
2/27/1930,cg1930p4_folder_3
02/28/1894,cg1894p4_folder_9
2/28/1900,cg1900p3_folder_4
2/28/1900,cg1900p4_folder_8
2/28/1906,cg1906p3_folder_16
2/28/1912,calcgaz1912_folder_11
2/28/1917,cg1917p3_folder_7
2/28/1929,cg1929p1_folder_12
02/03/1892,cg1892p1_folder_5
02/03/1892,cg1892p5_folder_10
02/03/1897,cg1897p1_folder_2
2/3/1904,cg1904p3_folder_7
2/3/1904,cg1904p8_folder_2
2/3/1909,cg1909p2_folder_7
2/3/1915,cg1915p5_folder_1
2/3/1925,cg1925p2_folder_7
2/3/1927,cg1926p2_folder_8
2/4/1914,cg1914p4_folder_10
2/4/1920,cg1920p3_folder_0
2/4/1926,cg1926p4_folder_5
2/4/1932,cg1932p6_folder_6
02/05/1890,cg1890p3_folder_5
02/05/1896,cg1896p4_folder_6
2/5/1901,cg1901p3_folder_6
2/5/1902,cg1902p2_folder_5
2/5/1913,calcgazette1913_folder_5
2/5/1919,cg1919p3_folder_6
2/5/1919,cg1919p7_folder_6
2/5/1931,cg1931p11_folder_6
2/5/1931,cg1931p4_folder_1
2/5/1931,cg1931p7_folder_5
02/06/1895,cg1895p1_folder_5
2/6/1924,cg1924p1_folder_7
2/6/1930,cg1930p2_folder_6
2/6/1930,cg1930p4_folder_0
02/07/1894,cg1894p2_folder_9
02/07/1894,cg1894p4_folder_5
2/7/1900,cg1900p3_folder_0
2/7/1912,calcgaz1912_folder_7
2/7/1917,cg1917p3_folder_4
2/7/1923,cg1923p3_folder_2
2/7/1929,cg1929p1_folder_8
02/08/1893,cg1893p1_folder_7
02/08/1893,cg1893p2_folder_7
2/8/1905,cg1905p3_folder_1
2/8/1911,Calcutta1911_folder_11
2/8/1922,cg1922p2_folder_6
02/09/1898,cg1898p3_folder_5
2/9/1910,calcutta_gazette_june_march_1910_folder_9
2/9/1916,cg1916p3_folder_9
2/9/1928,cg1928p2_folder_0
2/9/1928,cg1928p5_folder_6
2/9/1933,cg1933p2_folder_8
2/9/1933,cg1933p5_folder_1
2/13/1930,cg1930p4_folder_1
03/01/1893,cg1893p1_folder_11
03/01/1893,cg1893p2_folder_10
3/1/1905,cg1905p3_folder_6
3/1/1911,Calcutta1911_folder_16
3/1/1916,cg1916p3_folder_13
3/1/1922,cg1922p2_folder_10
3/1/1928,cg1928p2_folder_4
3/1/1928,cg1928p5_folder_9
03/10/1894,cg1894p2_folder_17
03/10/1897,cg1897p1_folder_10
03/10/1897,cg1897p5_folder_4
3/10/1915,cg1915p5_folder_8
3/10/1920,cg1920p3_folder_7
3/10/1927,cg1926p2_folder_14
3/10/1932,cg1932p1_folder_3
3/10/1932,cg1932p6_folder_13
03/11/1896,cg1896p4_folder_16
3/11/1914,cg1914p4_folder_14
3/11/1926,cg1926p4_folder_10
3/12/1890,cg1890p4_folder_1
3/12/1902,cg1902p2_folder_10
3/12/1913,calcgazette1913_folder_11
3/12/1924,cg1924p1_folder_13
3/12/1925,cg1925p2_folder_14
3/12/1931,cg1931p4_folder_7
3/12/1931,cg1931p7_folder_11
3/13/1901,cg1901p3_folder_12
3/13/1901,cg1901p4_folder_14
3/13/1912,calcgaz1912_folder_16
3/13/1930,cg1930p2_folder_11
3/13/1930,cg1930p4_folder_6
03/14/1894,cg1894p4_folder_11
3/14/1900,cg1900p3_folder_7
3/14/1900,cg1900p4_folder_10
3/14/1917,cg1917p3_folder_9
3/14/1929,cg1929p1_folder_15
03/15/1893,cg1893p1_folder_13
03/15/1893,cg1893p2_folder_12
3/15/1905,cg1905p3_folder_8
3/15/1911,Calcutta1911_folder_20
3/15/1916,cg1916p3_folder_15
3/15/1922,cg1922p2_folder_13
3/15/1928,cg1928p2_folder_6
3/15/1928,cg1928p5_folder_12
03/16/1892,cg1892p5_folder_23
03/16/1898,cg1898p2_folder_17
03/16/1898,cg1898p3_folder_10
3/16/1904,cg1904p3_folder_17
3/16/1904,cg1904p8_folder_9
3/16/1910,calcutta_gazette_june_march_1910_folder_17
3/16/1921,cg1921p4_folder_8
3/16/1933,cg1933p2_folder_14
3/16/1933,cg1933p5_folder_8
03/17/1897,cg1897p1_folder_11
03/17/1897,cg1897p5_folder_5
3/17/1909,cg1909p2_folder_18
3/17/1915,cg1915p5_folder_11
3/17/1920,cg1920p3_folder_8
3/17/1927,cg1926p2_folder_15
3/17/1932,cg1932p1_folder_4
3/17/1932,cg1932p6_folder_15
3/18/1914,cg1914p4_folder_13
3/18/1926,cg1926p4_folder_11
03/04/1896,cg1896p4_folder_14
03/19/1890,cg1890p4_folder_2
3/19/1902,cg1902p2_folder_11
3/19/1913,calcgazette1913_folder_12
3/19/1919,cg1919p7_folder_15
3/19/1924,cg1924p1_folder_14
3/19/1925,cg1925p2_folder_15
3/19/1931,cg1931p4_folder_8
3/19/1931,cg1931p7_folder_12
03/02/1892,cg1892p1_folder_10
03/02/1892,cg1892p5_folder_19
03/02/1897,cg1897p5_folder_1
03/02/1898,cg1898p2_folder_14
03/02/1898,cg1898p3_folder_7
3/2/1904,cg1904p3_folder_14
3/2/1904,cg1904p8_folder_7
3/2/1910,calcutta_gazette_june_march_1910_folder_13
3/2/1933,cg1933p2_folder_11
3/2/1933,cg1933p5_folder_5
03/20/1895,cg1895p1_folder_8
3/20/1901,cg1901p3_folder_13
3/20/1912,calcgaz1912_folder_17
3/20/1930,cg1930p2_folder_12
3/20/1930,cg1930p4_folder_7
03/21/1894,cg1894p2_folder_19
03/21/1894,cg1894p4_folder_12
3/21/1900,cg1900p3_folder_8
3/21/1900,cg1900p4_folder_11
3/21/1906,cg1906p3_folder_21
3/21/1917,cg1917p3_folder_10
3/21/1929,cg1929p1_folder_16
03/22/1893,cg1893p1_folder_16
03/22/1893,cg1893p2_folder_13
3/22/1905,cg1905p3_folder_9
3/22/1911,Calcutta1911_folder_21
3/22/1916,cg1916p3_folder_16
3/22/1922,cg1922p2_folder_14
3/22/1928,cg1928p2_folder_7
3/22/1928,cg1928p5_folder_13
03/23/1892,cg1892p1_folder_13
03/23/1898,cg1898p2_folder_18
03/23/1898,cg1898p3_folder_11
3/23/1904,cg1904p3_folder_18
3/23/1904,cg1904p8_folder_10
3/23/1910,calcutta_gazette_june_march_1910_folder_18
3/23/1917,cg1917p4_folder_10
3/23/1921,cg1921p4_folder_9
3/23/1933,cg1933p2_folder_15
3/23/1933,cg1933p5_folder_9
03/24/1897,cg1897p1_folder_12
3/24/1909,cg1909p2_folder_19
3/24/1920,cg1920p3_folder_9
3/24/1927,cg1926p2_folder_16
3/24/1932,cg1932p1_folder_5
3/24/1932,cg1932p6_folder_16
03/25/1896,cg1896p4_folder_17
3/25/1914,cg1914p4_folder_12
3/25/1931,cg1931p4_folder_9
03/26/1890,cg1890p4_folder_3
3/26/1902,cg1902p2_folder_12
3/26/1913,calcgazette1913_folder_13
3/26/1919,cg1919p7_folder_17
3/26/1924,cg1924p1_folder_15
3/26/1925,cg1925p2_folder_16
3/26/1931,cg1931p7_folder_13
3/27/1912,calcgaz1912_folder_18
3/27/1930,cg1930p2_folder_13
3/27/1930,cg1930p4_folder_8
03/28/1894,cg1894p4_folder_13
3/28/1900,cg1900p4_folder_12
3/28/1906,cg1906p3_folder_22
3/28/1917,cg1917p3_folder_12
03/29/1893,cg1893p1_folder_17
03/29/1893,cg1893p2_folder_15
3/29/1911,Calcutta1911_folder_22
3/29/1916,cg1916p3_folder_17
3/29/1922,cg1922p2_folder_15
3/29/1928,cg1928p2_folder_8
3/29/1928,cg1928p5_folder_14
03/03/1897,cg1897p1_folder_7
03/03/1897,cg1897p1_folder_8
3/3/1909,cg1909p2_folder_12
3/3/1909,cg1909p2_folder_14
3/3/1919,cg1919p7_folder_13
3/3/1920,cg1920p3_folder_6
3/3/1925,cg1925p2_folder_13
3/3/1927,cg1926p2_folder_13
3/3/1932,cg1932p1_folder_2
3/3/1932,cg1932p6_folder_12
03/30/1892,cg1892p1_folder_14
03/30/1898,cg1898p2_folder_19
03/30/1898,cg1898p3_folder_13
3/30/1904,cg1904p8_folder_11
3/30/1910,calcutta_gazette_june_march_1910_folder_19
3/30/1921,cg1921p4_folder_10
3/30/1933,cg1933p2_folder_16
3/31/1909,cg1909p2_folder_21
3/31/1927,cg1926p2_folder_17
3/31/1932,cg1932p1_folder_6
3/31/1932,cg1932p6_folder_17
03/04/1897,cg1897p5_folder_7
3/4/1914,cg1914p4_folder_15
3/4/1926,cg1926p4_folder_9
03/05/1890,cg1890p4_folder_0
3/5/1902,cg1902p2_folder_9
3/5/1913,calcgazette1913_folder_10
3/5/1919,cg1919p3_folder_13
3/5/1931,cg1931p7_folder_9
3/6/1901,cg1901p3_folder_11
3/6/1901,cg1901p4_folder_13
3/6/1912,calcgaz1912_folder_15
3/6/1930,cg1930p4_folder_4
3/6/1931,cg1931p4_folder_5
03/07/1894,cg1894p2_folder_13
03/07/1894,cg1894p2_folder_14
03/07/1894,cg1894p4_folder_10
03/07/1898,cg1898p2_folder_15
3/7/1900,cg1900p3_folder_5
3/7/1900,cg1900p3_folder_6
3/7/1900,cg1900p4_folder_9
3/7/1906,cg1906p3_folder_17
3/7/1917,cg1917p3_folder_8
3/7/1929,cg1929p1_folder_14
03/08/1893,cg1893p1_folder_12
03/08/1893,cg1893p2_folder_11
3/8/1905,cg1905p3_folder_7
3/8/1916,cg1916p3_folder_14
3/8/1922,cg1922p2_folder_12
3/8/1928,cg1928p2_folder_5
3/8/1928,cg1928p5_folder_11
03/09/1892,cg1892p1_folder_11
03/09/1898,cg1898p3_folder_8
3/9/1904,cg1904p3_folder_15
3/9/1904,cg1904p8_folder_8
3/9/1910,calcutta_gazette_june_march_1910_folder_16
3/9/1921,cg1921p4_folder_7
3/9/1933,cg1933p2_folder_13
3/9/1933,cg1933p5_folder_7
04/01/1891,cg1891p1_folder_0
4/1/1903,cg1903p4_folder_0
4/1/1926,cg1926p1_folder_0
04/10/1895,cg1895p1_folder_10
04/10/1895,cg1895p3_folder_0
4/10/1901,cg1901p1_folder_1
4/10/1901,cg1901p3_folder_15
4/10/1907,cg1907p3_folder_5
4/10/1912,calcgzette1912_folder_1
4/10/1918,cg1918p8_folder_1
4/10/1930,cg1930p5_folder_2
04/11/1894,cg1894p4_folder_15
4/11/1900,cg1900p2_folder_1
4/11/1900,cg1900p4_folder_14
4/11/1906,cg1906p2_folder_2
4/11/1917,cg1917p4_folder_3
04/12/1893,cg1893p2_folder_18
04/12/1893,cg1893p3_folder_2
4/12/1905,cg1905p4_folder_1
4/12/1922,cg1922p2_folder_17
4/12/1922,cg1922p7_folder_1
4/12/1928,cg1928p6_folder_2
04/13/1892,cg1892p1_folder_16
04/13/1892,cg1892p3_folder_1
04/13/1898,cg1898p3_folder_14
04/13/1898,cg1898p4_folder_2
4/13/1904,cg1904p8_folder_13
4/13/1910,calcutta_gazette_april_june_folder_3
4/13/1910,calcutta_gazette_jan_aug_1910_folder_2
4/13/1921,cg1921p1_folder_1
4/13/1933,cg1933p3_folder_2
4/14/1909,cg1909p1_folder_0
4/14/1915,cg1915p6_folder_2
4/14/1927,cg1927p4_folder_1
4/14/1932,cg1932p7_folder_2
04/15/1896,cg1896p1_folder_2
4/15/1903,cg1903p4_folder_5
4/15/1926,cg1926p1_folder_2
4/16/1902,cg1902p1_folder_2
4/16/1902,cg1902p2_folder_15
4/16/1913,calcgazette1913p2_folder_2
4/16/1919,cg1919p1_folder_2
4/16/1925,cg1925p6_folder_5
4/16/1931,cg1931p3_folder_3
4/17/1901,cg1901p1_folder_3
4/17/1901,cg1901p3_folder_16
4/17/1907,cg1907p3_folder_6
4/17/1912,calcgzette1912_folder_2
4/17/1919,cg1919p3_folder_16
4/17/1930,cg1930p5_folder_3
04/18/1894,cg1894p4_folder_17
4/18/1900,cg1900p2_folder_2
4/18/1900,cg1900p4_folder_15
4/18/1904,cg1904p7_folder_4
4/18/1906,cg1906p2_folder_3
4/18/1917,cg1917p4_folder_4
04/19/1893,cg1893p2_folder_20
04/19/1893,cg1893p3_folder_4
4/19/1905,cg1905p4_folder_2
4/19/1922,cg1922p2_folder_18
4/19/1928,cg1928p6_folder_5
04/02/1890,cg1890p4_folder_4
4/2/1902,cg1902p1_folder_0
4/2/1902,cg1902p2_folder_13
4/2/1913,calcgazette1913p2_folder_0
4/2/1919,cg1919p1_folder_0
4/2/1919,cg1919p3_folder_14
4/2/1924,cg1924p4_folder_1
4/2/1925,cg1925p6_folder_2
4/2/1931,cg1931p3_folder_0
04/20/1892,cg1892p1_folder_17
04/20/1892,cg1892p3_folder_4
04/20/1892,cg1892p4_folder_1
04/20/1898,cg1898p3_folder_15
04/20/1898,cg1898p4_folder_3
4/20/1904,cg1904p7_folder_6
4/20/1904,cg1904p8_folder_15
4/20/1910,calcutta_gazette_april_june_folder_4
4/20/1910,calcutta_gazette_jan_aug_1910_folder_3
4/20/1921,cg1921p1_folder_2
4/20/1925,cg1925p6_folder_7
4/20/1933,cg1933p3_folder_3
04/21/1897,cg1897p1_folder_15
4/21/1909,cg1909p1_folder_2
4/21/1915,cg1915p6_folder_5
4/21/1927,cg1927p4_folder_2
4/21/1932,cg1932p7_folder_3
04/22/1891,cg1891p1_folder_7
4/22/1903,cg1903p4_folder_7
4/22/1926,cg1926p1_folder_3
04/23/1890,cg1890p4_folder_8
4/23/1913,calcgazette1913p2_folder_3
4/23/1919,cg1919p1_folder_3
4/23/1924,cg1924p2_folder_0
4/23/1924,cg1924p4_folder_3
4/23/1925,cg1925p6_folder_6
4/23/1931,cg1931p3_folder_4
4/24/1901,cg1901p1_folder_4
4/24/1901,cg1901p3_folder_18
4/24/1907,cg1907p3_folder_9
4/24/1912,calcgzette1912_folder_3
4/24/1918,cg1918p8_folder_3
4/24/1919,cg1919p3_folder_17
4/24/1930,cg1930p5_folder_4
04/25/1894,cg1894p4_folder_19
4/25/1900,cg1900p2_folder_3
4/25/1900,cg1900p4_folder_16
4/25/1906,cg1906p2_folder_4
4/25/1917,cg1917p4_folder_5
04/26/1893,cg1893p2_folder_21
04/26/1893,cg1893p3_folder_5
04/26/1893,cg1893p3_folder_6
4/26/1905,cg1905p4_folder_4
4/26/1922,cg1922p2_folder_19
4/26/1922,cg1922p7_folder_3
4/26/1928,cg1928p6_folder_6
04/27/1892,cg1892p1_folder_18
04/27/1898,cg1898p3_folder_16
04/27/1898,cg1898p4_folder_5
4/27/1904,cg1904p7_folder_8
4/27/1904,cg1904p8_folder_16
4/27/1910,calcutta_gazette_april_june_folder_5
4/27/1910,calcutta_gazette_jan_aug_1910_folder_4
4/27/1910,calcutta_gazette_jan_aug_1910_folder_5
4/27/1921,cg1921p1_folder_3
4/27/1933,cg1933p3_folder_4
04/28/1897,cg1897p1_folder_17
4/28/1909,cg1909p1_folder_3
4/28/1915,cg1915p6_folder_7
4/28/1927,cg1927p4_folder_3
4/28/1932,cg1932p7_folder_4
04/29/1891,cg1891p1_folder_9
04/29/1896,cg1896p1_folder_3
4/29/1903,cg1903p4_folder_10
4/29/1926,cg1926p1_folder_4
04/03/1895,cg1895p1_folder_9
4/3/1901,cg1901p1_folder_0
4/3/1901,cg1901p3_folder_14
4/3/1907,cg1907p3_folder_1
4/3/1912,calcgzette1912_folder_0
4/3/1918,cg1918p8_folder_0
4/3/1919,cg1919p3_folder_15
4/3/1930,cg1930p5_folder_0
04/30/1890,cg1890p4_folder_11
4/30/1913,calcgazette1913p2_folder_4
4/30/1919,cg1919p1_folder_5
4/30/1924,cg1924p4_folder_4
4/30/1931,cg1931p3_folder_5
04/04/1894,cg1894p4_folder_14
4/4/1900,cg1900p2_folder_0
4/4/1900,cg1900p4_folder_13
4/4/1906,cg1906p2_folder_1
4/4/1917,cg1917p4_folder_2
04/05/1893,cg1893p2_folder_16
04/05/1893,cg1893p3_folder_0
4/5/1905,cg1905p4_folder_0
4/5/1916,cg1916p2_folder_0
4/5/1922,cg1922p2_folder_16
4/5/1922,cg1922p7_folder_0
4/5/1928,cg1928p6_folder_0
04/06/1892,cg1892p4_folder_0
04/06/1898,cg1898p4_folder_0
4/6/1904,cg1904p8_folder_12
4/6/1910,calcutta_gazette_april_june_folder_0
4/6/1910,calcutta_gazette_april_june_folder_1
4/6/1910,calcutta_gazette_jan_aug_1910_folder_0
4/6/1933,cg1933p3_folder_1
04/07/1897,cg1897p1_folder_13
4/7/1915,cg1915p6_folder_0
4/7/1927,cg1927p4_folder_0
4/7/1932,cg1932p7_folder_0
04/08/1891,cg1891p1_folder_2
4/8/1903,cg1903p4_folder_2
4/8/1926,cg1926p1_folder_1
04/09/1890,cg1890p4_folder_5
4/9/1902,cg1902p1_folder_1
4/9/1902,cg1902p2_folder_14
4/9/1913,calcgazette1913p2_folder_1
4/9/1919,cg1919p1_folder_1
4/9/1924,cg1924p4_folder_2
4/9/1925,cg1925p6_folder_4
4/9/1931,cg1931p3_folder_2
05/01/1895,cg1895p1_folder_11
05/01/1895,cg1895p3_folder_4
5/1/1901,cg1901p3_folder_19
5/1/1907,cg1907p3_folder_11
5/1/1912,calcgzette1912_folder_4
5/1/1918,cg1918p8_folder_4
5/1/1930,cg1922p7_folder_2
5/1/1930,cg1930p6_folder_0
05/10/1893,cg1893p2_folder_23
05/10/1893,cg1893p3_folder_8
5/10/1905,cg1905p4_folder_6
5/10/1909,cg1909p2_folder_0
5/10/1922,cg1922p2_folder_22
5/10/1922,cg1922p7_folder_6
5/10/1928,cg1928p6_folder_8
05/11/1892,cg1892p1_folder_20
05/11/1892,cg1892p3_folder_8
05/11/1892,cg1892p4_folder_4
05/11/1898,cg1898p3_folder_18
5/11/1904,cg1904p7_folder_10
5/11/1904,cg1904p8_folder_18
5/11/1910,calcutta_gazette_april_june_folder_7
5/11/1910,calcutta_gazette_jan_aug_1910_folder_7
5/11/1921,cg1921p1_folder_5
5/11/1933,cg1933p3_folder_6
05/12/1897,cg1897p1_folder_19
5/12/1909,cg1909p1_folder_6
5/12/1915,cg1915p6_folder_11
5/12/1927,cg1927p3_folder_1
5/12/1927,cg1927p4_folder_5
5/12/1932,cg1932p7_folder_6
05/13/1891,cg1891p1_folder_10
5/13/1903,cg1903p4_folder_12
5/13/1926,cg1926p1_folder_6
5/14/1902,cg1902p1_folder_3
5/14/1902,cg1902p2_folder_16
5/14/1913,calcgazette1913p2_folder_6
5/14/1919,cg1919p1_folder_7
5/14/1919,cg1919p3_folder_19
5/14/1925,cg1925p4_folder_3
5/14/1925,cg1925p6_folder_10
5/14/1931,cg1931p10_folder_0
5/14/1931,cg1931p3_folder_7
5/14/1931,cg1931p9_folder_1
05/15/1895,cg1895p3_folder_5
5/15/1901,cg1901p1_folder_7
5/15/1901,cg1901p3_folder_21
5/15/1912,calcgzette1912_folder_6
5/15/1918,cg1918p8_folder_6
5/15/1930,cg1930p5_folder_6
5/15/1930,cg1930p6_folder_2
05/16/1894,cg1894p4_folder_22
5/16/1900,cg1900p2_folder_6
5/16/1900,cg1900p4_folder_17
5/16/1906,cg1906p2_folder_10
5/16/1917,cg1917p4_folder_9
05/17/1893,cg1893p2_folder_24
05/17/1893,cg1893p3_folder_9
5/17/1905,cg1905p4_folder_7
5/17/1922,cg1922p2_folder_23
5/17/1922,cg1922p5_folder_2
5/17/1922,cg1922p7_folder_7
5/17/1928,cg1928p6_folder_9
05/18/1892,cg1892p4_folder_7
05/18/1898,cg1898p4_folder_9
5/18/1904,cg1904p7_folder_12
5/18/1904,cg1904p8_folder_19
5/18/1910,calcutta_gazette_april_june_folder_8
5/18/1910,calcutta_gazette_jan_aug_1910_folder_8
5/18/1921,cg1921p1_folder_7
5/18/1933,cg1933p3_folder_7
5/19/1909,cg1909p1_folder_7
5/19/1915,cg1915p6_folder_13
5/19/1927,cg1927p3_folder_2
5/19/1927,cg1927p4_folder_6
5/19/1932,cg1932p7_folder_7
05/02/1894,cg1894p4_folder_20
5/2/1900,cg1900p2_folder_4
5/2/1900,cg1900p4_folder_19
5/2/1906,cg1906p2_folder_6
5/2/1917,cg1917p4_folder_7
05/20/1891,cg1891p1_folder_11
5/20/1903,cg1903p4_folder_13
5/20/1914,cg1914p3_folder_0
5/20/1926,cg1926p1_folder_8
5/21/1913,calcgazette1913p2_folder_7
5/21/1919,cg1919p1_folder_8
5/21/1919,cg1919p3_folder_20
5/21/1924,cg1924p4_folder_6
5/21/1925,cg1925p4_folder_4
5/21/1925,cg1925p6_folder_11
5/21/1931,cg1931p3_folder_9
5/21/1931,cg1931p9_folder_3
5/22/1901,cg1901p1_folder_8
5/22/1912,calcgzette1912_folder_7
5/22/1918,cg1918p8_folder_8
5/22/1930,cg1930p5_folder_7
5/22/1930,cg1930p6_folder_3
05/23/1894,cg1894p4_folder_23
5/23/1900,cg1900p4_folder_21
5/23/1906,cg1906p2_folder_12
05/24/1893,cg1893p2_folder_25
05/24/1893,cg1893p3_folder_10
5/24/1905,cg1905p4_folder_9
5/24/1922,cg1922p2_folder_24
5/24/1922,cg1922p5_folder_3
5/24/1922,cg1922p7_folder_8
5/24/1928,cg1928p6_folder_10
05/25/1892,cg1892p1_folder_21
05/25/1892,cg1892p3_folder_10
05/25/1892,cg1892p4_folder_8
05/25/1898,cg1898p4_folder_11
5/25/1904,cg1904p7_folder_15
5/25/1904,cg1904p8_folder_20
5/25/1910,calcutta_gazette_april_june_folder_9
5/25/1910,calcutta_gazette_jan_aug_1910_folder_9
5/25/1921,cg1921p1_folder_8
5/25/1933,cg1933p3_folder_8
05/26/1897,cg1897p1_folder_23
5/26/1909,cg1909p1_folder_10
5/26/1915,cg1915p6_folder_17
5/26/1927,cg1927p3_folder_3
5/26/1927,cg1927p4_folder_7
5/26/1932,cg1932p7_folder_9
05/27/1891,cg1891p1_folder_12
5/27/1903,cg1903p4_folder_14
5/27/1914,cg1914p3_folder_2
5/27/1926,cg1926p1_folder_9
5/28/1919,cg1919p1_folder_9
5/28/1919,cg1919p3_folder_21
5/28/1924,cg1924p4_folder_7
5/28/1925,cg1925p4_folder_5
5/28/1925,cg1925p6_folder_12
5/28/1931,cg1931p3_folder_10
5/28/1931,cg1931p9_folder_4
05/29/1895,cg1895p3_folder_10
5/29/1900,cg1900p2_folder_8
5/29/1901,cg1901p1_folder_10
5/29/1912,calcgzette1912_folder_8
5/29/1918,cg1918p8_folder_9
5/29/1930,cg1930p5_folder_8
5/29/1930,cg1930p6_folder_4
05/03/1893,cg1893p2_folder_22
05/03/1893,cg1893p3_folder_7
5/3/1905,cg1905p4_folder_5
5/3/1916,cg1916p2_folder_1
5/3/1922,cg1922p2_folder_20
5/3/1922,cg1922p5_folder_0
5/3/1922,cg1922p7_folder_4
5/3/1928,cg1928p6_folder_7
05/30/1894,cg1894p4_folder_25
5/30/1900,cg1900p2_folder_9
5/30/1900,cg1900p4_folder_22
5/30/1906,cg1906p2_folder_14
5/30/1917,cg1917p4_folder_12
05/31/1893,cg1893p2_folder_27
05/31/1893,cg1893p3_folder_12
5/31/1905,cg1905p4_folder_10
5/31/1916,cg1916p2_folder_3
5/31/1922,cg1922p2_folder_25
5/31/1922,cg1922p5_folder_4
5/31/1922,cg1922p7_folder_9
5/31/1928,cg1928p6_folder_11
05/04/1892,cg1892p1_folder_19
05/04/1892,cg1892p3_folder_5
05/04/1892,cg1892p3_folder_6
05/04/1892,cg1892p3_folder_7
05/04/1892,cg1892p4_folder_3
05/04/1898,cg1898p3_folder_17
05/04/1898,cg1898p4_folder_7
5/4/1904,cg1904p7_folder_9
5/4/1904,cg1904p8_folder_17
5/4/1910,calcutta_gazette_april_june_folder_6
5/4/1910,calcutta_gazette_jan_aug_1910_folder_6
5/4/1921,cg1921p1_folder_4
5/4/1932,cg1932p7_folder_5
5/4/1933,cg1933p3_folder_5
05/05/1897,cg1897p1_folder_18
5/5/1909,cg1909p1_folder_5
5/5/1915,cg1915p6_folder_9
5/5/1927,cg1927p3_folder_0
5/5/1927,cg1927p4_folder_4
5/6/1903,cg1903p4_folder_11
5/6/1912,calcgzette1912_folder_5
5/6/1926,cg1926p1_folder_5
5/7/1913,calcgazette1913p2_folder_5
5/7/1919,cg1919p1_folder_6
5/7/1924,cg1924p4_folder_5
5/7/1925,cg1925p4_folder_1
5/7/1925,cg1925p6_folder_8
5/7/1931,cg1931p3_folder_6
5/7/1931,cg1931p9_folder_0
5/8/1901,cg1901p3_folder_20
5/8/1907,cg1907p3_folder_12
5/8/1918,cg1918p8_folder_5
5/8/1930,cg1930p5_folder_5
5/8/1930,cg1930p6_folder_1
05/09/1894,cg1894p4_folder_21
5/9/1900,cg1900p2_folder_5
5/9/1900,cg1900p4_folder_20
5/9/1906,cg1906p2_folder_8
5/9/1917,cg1917p4_folder_8
06/01/1892,cg1892p1_folder_22
06/01/1892,cg1892p3_folder_11
06/01/1892,cg1892p4_folder_9
06/01/1898,cg1898p4_folder_12
6/1/1904,cg1904p7_folder_17
6/1/1904,cg1904p8_folder_21
6/1/1910,calcutta_gazette_april_june_folder_12
6/1/1910,calcutta_gazette_jan_aug_1910_folder_12
6/1/1921,cg1921p1_folder_9
6/1/1933,cg1933p3_folder_9
06/10/1891,cg1891p1_folder_14
06/10/1896,cg1896p1_folder_6
6/10/1903,cg1903p4_folder_16
6/10/1914,cg1914p3_folder_5
6/10/1926,cg1926p1_folder_11
6/11/1919,cg1919p1_folder_11
6/11/1919,cg1919p3_folder_23
6/11/1925,cg1925p4_folder_7
6/11/1925,cg1925p6_folder_14
6/11/1931,cg1931p3_folder_13
6/11/1931,cg1931p9_folder_7
6/12/1901,cg1901p1_folder_13
6/12/1912,calcgzette1912_folder_10
6/12/1918,cg1918p8_folder_11
6/12/1930,cg1930p5_folder_10
6/12/1930,cg1930p6_folder_6
06/13/1894,cg1894p4_folder_27
6/13/1900,cg1900p2_folder_11
6/13/1900,cg1900p4_folder_24
6/13/1917,cg1917p4_folder_14
06/14/1893,cg1893p2_folder_30
06/14/1893,cg1893p3_folder_14
6/14/1905,cg1905p4_folder_12
6/14/1916,cg1916p2_folder_5
6/14/1922,cg1922p5_folder_6
6/14/1922,cg1922p7_folder_11
6/14/1928,cg1928p6_folder_13
06/15/1892,cg1892p1_folder_24
06/15/1898,cg1898p4_folder_17
6/15/1904,cg1904p7_folder_21
6/15/1904,cg1904p8_folder_24
6/15/1910,calcutta_gazette_april_june_folder_14
6/15/1910,calcutta_gazette_jan_aug_1910_folder_14
6/15/1921,cg1921p1_folder_11
6/15/1933,cg1933p3_folder_10
6/16/1909,cg1909p1_folder_12
6/16/1915,cg1915p6_folder_21
6/16/1927,cg1927p3_folder_6
6/16/1927,cg1927p4_folder_10
6/16/1932,cg1932p7_folder_12
06/17/1896,cg1896p1_folder_8
6/17/1903,cg1903p4_folder_18
6/17/1914,cg1914p3_folder_7
6/17/1926,cg1926p1_folder_12
06/18/1897,cg1897p1_folder_28
6/18/1919,cg1919p3_folder_24
6/18/1925,cg1925p4_folder_8
6/18/1925,cg1925p6_folder_15
6/18/1931,cg1931p3_folder_14
6/18/1931,cg1931p9_folder_8
6/19/1901,cg1901p1_folder_14
6/19/1912,calcgzette1912_folder_11
6/19/1930,cg1930p5_folder_11
6/19/1930,cg1930p6_folder_7
06/02/1897,cg1897p1_folder_25
6/2/1909,cg1909p1_folder_11
6/2/1915,cg1915p6_folder_18
6/2/1927,cg1927p3_folder_4
6/2/1927,cg1927p4_folder_8
6/2/1932,cg1932p7_folder_10
06/20/1894,cg1894p4_folder_29
6/20/1900,cg1900p2_folder_12
6/20/1900,cg1900p4_folder_25
6/20/1906,cg1906p2_folder_16
6/20/1917,cg1917p4_folder_16
06/21/1893,cg1893p2_folder_31
06/21/1893,cg1893p3_folder_16
6/21/1905,cg1905p4_folder_14
6/21/1909,cg1909p1_folder_14
6/21/1916,cg1916p2_folder_6
6/21/1922,cg1922p2_folder_27
6/21/1922,cg1922p5_folder_7
6/21/1922,cg1922p7_folder_13
6/21/1928,cg1928p6_folder_14
06/22/1892,cg1892p1_folder_25
06/22/1892,cg1892p3_folder_13
06/22/1898,cg1898p4_folder_19
6/22/1904,cg1904p7_folder_22
6/22/1904,cg1904p8_folder_25
6/22/1910,calcutta_gazette_april_june_folder_15
6/22/1910,calcutta_gazette_jan_aug_1910_folder_15
6/22/1921,cg1921p1_folder_12
6/22/1933,cg1933p3_folder_11
6/23/1909,cg1909p1_folder_13
6/23/1915,cg1915p6_folder_23
6/23/1927,cg1927p3_folder_7
6/23/1927,cg1927p4_folder_11
06/24/1891,cg1891p1_folder_17
06/24/1896,cg1896p1_folder_10
6/24/1926,cg1926p1_folder_13
6/25/1919,cg1919p1_folder_12
6/25/1919,cg1919p3_folder_25
6/25/1925,cg1925p4_folder_9
6/25/1925,cg1925p6_folder_16
6/25/1931,cg1931p3_folder_15
6/25/1931,cg1931p9_folder_9
06/26/1895,cg1895p1_folder_16
6/26/1912,calcgzette1912_folder_12
6/26/1918,cg1918p8_folder_12
6/26/1930,cg1930p5_folder_12
6/26/1930,cg1930p6_folder_8
06/27/1894,cg1894p4_folder_31
6/27/1900,cg1900p2_folder_13
6/27/1900,cg1900p4_folder_27
6/27/1906,cg1906p2_folder_18
6/27/1917,cg1917p4_folder_17
06/28/1893,cg1893p3_folder_18
06/28/1893,cg1893p3_folder_20
6/28/1905,cg1905p4_folder_15
6/28/1922,cg1922p2_folder_28
6/28/1922,cg1922p5_folder_8
6/28/1922,cg1922p7_folder_14
6/28/1928,cg1928p6_folder_15
06/29/1892,cg1892p1_folder_26
6/29/1904,cg1904p7_folder_24
6/29/1904,cg1904p8_folder_27
6/29/1910,calcutta_gazette_jan_aug_1910_folder_16
6/29/1921,cg1921p1_folder_13
6/29/1933,cg1933p3_folder_12
06/03/1891,cg1891p1_folder_13
6/3/1903,cg1903p4_folder_15
6/3/1914,cg1914p3_folder_3
6/3/1926,cg1926p1_folder_10
6/30/1915,cg1915p6_folder_24
6/30/1927,cg1927p3_folder_8
6/30/1927,cg1927p4_folder_12
6/4/1900,cg1900p4_folder_23
6/4/1919,cg1919p1_folder_10
6/4/1919,cg1919p3_folder_22
6/4/1924,cg1924p4_folder_8
6/4/1925,cg1925p4_folder_6
6/4/1925,cg1925p6_folder_13
6/4/1931,cg1931p3_folder_12
6/4/1931,cg1931p9_folder_6
6/5/1901,cg1901p1_folder_11
6/5/1912,calcgzette1912_folder_9
6/5/1918,cg1918p8_folder_10
6/5/1930,cg1930p5_folder_9
6/5/1930,cg1930p6_folder_5
06/06/1892,cg1892p4_folder_10
06/06/1894,cg1894p4_folder_26
6/6/1900,cg1900p2_folder_10
6/6/1906,cg1906p2_folder_15
6/6/1917,cg1917p4_folder_13
06/07/1893,cg1893p2_folder_28
06/07/1893,cg1893p3_folder_13
6/7/1905,cg1905p4_folder_11
6/7/1916,cg1916p2_folder_4
6/7/1922,cg1922p2_folder_26
6/7/1922,cg1922p5_folder_5
6/7/1922,cg1922p7_folder_10
6/7/1928,cg1928p6_folder_12
06/08/1892,cg1892p1_folder_23
06/08/1892,cg1892p3_folder_12
06/08/1898,cg1898p4_folder_15
6/8/1904,cg1904p7_folder_19
6/8/1904,cg1904p8_folder_22
6/8/1910,calcutta_gazette_april_june_folder_13
6/8/1910,calcutta_gazette_jan_aug_1910_folder_13
6/8/1921,cg1921p1_folder_10
06/09/1897,cg1897p1_folder_27
6/9/1915,cg1915p6_folder_20
6/9/1927,cg1927p3_folder_5
6/9/1927,cg1927p4_folder_9
6/9/1932,cg1932p7_folder_11
07/01/1891,cg1891p3_folder_0
07/01/1891,cg1891p4_folder_0
7/1/1903,cg1903p2_folder_2
7/1/1908,cg1908p2_folder_0
7/1/1914,cg1914p5_folder_0
7/1/1926,cg1926p5_folder_0
7/10/1901,cg1901p2_folder_0
7/10/1907,cg1907p1_folder_3
7/10/1907,cg1907p2_folder_3
7/10/1912,calcgazette1912julysept_folder_1
7/10/1918,cg1918p5_folder_1
7/10/1918,cg1918p7_folder_1
07/11/1894,cg1894p1_folder_2
07/11/1894,cg1894p3_folder_1
7/11/1900,cg1900p5_folder_1
7/11/1923,cg1923p2_folder_1
07/12/1893,cg1893p4_folder_1
07/12/1899,cg1899p2_folder_1
07/12/1899,cg1899p2_folder_2
7/12/1905,cg1905p1_folder_2
7/12/1911,TheCalcutta1911adsf_folder_1
7/12/1916,cg1916p6_folder_1
7/12/1922,cg1922p2_folder_30
7/12/1922,cg1922p8_folder_1
7/12/1928,cg1928p1_folder_1
07/13/1897,cg1898p1_folder_0
07/13/1898,cg1898p5_folder_1
7/13/1904,cg1904p4_folder_1
7/13/1904,cg1904p5_folder_1
7/13/1904,cg1904p8_folder_29
7/13/1910,calcutta_gazette_else_folder_1
7/13/1910,calcutta_gazette_jan_aug_1910_folder_18
7/13/1921,cg1921p3_folder_1
7/13/1933,cg1933p4_folder_1
07/14/1897,cg1897p2_folder_3
7/14/1909,cg1909p5_folder_4
7/14/1920,cg1920p8_folder_1
7/14/1927,cg1927p5_folder_1
7/14/1932,cg1932p2_folder_1
7/14/1932,cg1932p5_folder_3
07/15/1891,cg1891p3_folder_3
07/15/1891,cg1891p4_folder_4
07/15/1896,cg1896p5_folder_0
7/15/1903,cg1903p2_folder_5
7/15/1908,cg1908p2_folder_2
7/15/1914,cg1914p5_folder_4
7/15/1926,cg1926p5_folder_2
07/16/1890,cg1890p1_folder_1
7/16/1902,cg1902p2_folder_18
7/16/1902,cg1902p3_folder_2
7/16/1913,calcgaette1913pt3_folder_3
7/16/1913,calcgaette1913pt3_folder_4
7/16/1913,calcgaette1913pt3_folder_5
7/16/1919,cg1919p3_folder_29
7/16/1919,cg1919p4_folder_1
7/16/1924,cg1924p5_folder_2
7/16/1925,cg1925p1_folder_2
7/16/1931,cg1931p2_folder_2
7/16/1931,cg1931p5_folder_2
7/17/1901,cg1901p2_folder_1
7/17/1907,cg1907p1_folder_6
7/17/1907,cg1907p2_folder_6
7/17/1912,calcgazette1912julysept_folder_3
7/17/1918,cg1918p5_folder_2
7/17/1918,cg1918p7_folder_2
7/17/1930,cg1930p1_folder_0
07/18/1894,cg1894p1_folder_4
07/18/1894,cg1894p3_folder_2
7/18/1900,cg1900p5_folder_2
7/18/1923,cg1923p2_folder_3
07/19/1893,cg1893p4_folder_3
07/19/1899,cg1899p2_folder_4
7/19/1905,cg1905p1_folder_5
7/19/1911,TheCalcutta1911adsf_folder_5
7/19/1916,cg1916p5_folder_0
7/19/1922,cg1922p2_folder_32
7/19/1922,cg1922p8_folder_2
7/19/1928,cg1928p1_folder_4
07/02/1897,cg1898p1_folder_1
07/02/1890,cg1890p1_folder_0
7/2/1908,cg1908p2_folder_3
7/2/1919,cg1919p3_folder_26
7/2/1919,cg1919p4_folder_0
7/2/1924,cg1924p5_folder_0
7/2/1925,cg1925p1_folder_0
7/2/1931,cg1931p2_folder_0
7/2/1931,cg1931p5_folder_0
07/20/1898,cg1898p5_folder_3
7/20/1904,cg1904p5_folder_2
7/20/1904,cg1904p8_folder_30
7/20/1910,calcutta_gazette_else_folder_6
7/20/1910,calcutta_gazette_jan_aug_1910_folder_19
7/20/1913,calcgaette1913pt3_folder_7
7/20/1921,cg1921p3_folder_3
7/20/1933,cg1933p4_folder_2
07/21/1897,cg1897p2_folder_5
7/21/1909,cg1909p5_folder_7
7/21/1920,cg1920p2_folder_0
7/21/1927,cg1927p5_folder_4
7/21/1932,cg1932p2_folder_2
7/21/1932,cg1932p5_folder_4
07/22/1891,cg1891p3_folder_5
07/22/1891,cg1891p4_folder_6
7/22/1903,cg1903p2_folder_6
7/22/1914,cg1914p5_folder_5
7/22/1926,cg1926p5_folder_4
07/23/1890,cg1890p1_folder_2
07/23/1890,cg1890p2_folder_0
7/23/1902,cg1902p2_folder_19
7/23/1902,cg1902p3_folder_3
7/23/1913,calcgaette1913pt3_folder_6
7/23/1919,cg1919p4_folder_2
7/23/1925,cg1925p1_folder_4
7/23/1931,cg1931p2_folder_4
7/23/1931,cg1931p5_folder_4
7/24/1901,cg1901p2_folder_3
7/24/1912,calcgazette1912julysept_folder_4
7/24/1918,cg1918p5_folder_6
7/24/1918,cg1918p7_folder_3
7/24/1930,cg1930p1_folder_1
07/25/1894,cg1894p1_folder_7
07/25/1894,cg1894p3_folder_3
7/25/1900,cg1900p5_folder_4
7/25/1919,cg1919p3_folder_30
7/25/1923,cg1923p2_folder_4
7/25/1924,cg1924p5_folder_3
07/26/1893,cg1893p4_folder_4
07/26/1899,cg1899p2_folder_5
7/26/1902,cg1902p3_folder_0
7/26/1905,cg1905p1_folder_7
7/26/1911,TheCalcutta1911adsf_folder_6
7/26/1916,cg1916p5_folder_1
7/26/1922,cg1922p2_folder_33
7/26/1922,cg1922p8_folder_3
7/26/1928,cg1928p1_folder_5
7/27/1904,cg1904p8_folder_31
07/27/1898,cg1898p1_folder_2
07/27/1898,cg1898p5_folder_5
7/27/1904,cg1904p4_folder_4
7/27/1904,cg1904p5_folder_4
7/27/1910,calcutta_gazette_else_folder_8
7/27/1910,calcutta_gazette_jan_aug_1910_folder_20
7/27/1921,cg1921p3_folder_5
7/27/1933,cg1933p4_folder_3
07/28/1897,cg1897p2_folder_6
7/28/1909,cg1909p1_folder_15
7/28/1909,cg1909p5_folder_8
7/28/1920,cg1920p8_folder_3
7/28/1927,cg1927p5_folder_5
7/28/1932,cg1932p2_folder_3
7/28/1932,cg1932p5_folder_5
07/29/1891,cg1891p3_folder_6
07/29/1896,cg1896p5_folder_1
07/29/1896,cg1896p6_folder_4
7/29/1903,cg1903p2_folder_7
7/29/1904,cg1904p4_folder_2
7/29/1908,cg1908p2_folder_6
7/29/1910,calcutta_gazette_june_march_1910_folder_0
7/29/1914,cg1914p5_folder_6
7/29/1926,cg1926p5_folder_5
07/03/1895,cg1895p6_folder_1
7/3/1907,cg1907p1_folder_1
7/3/1907,cg1907p2_folder_1
7/3/1912,calcgazette1912julysept_folder_0
7/3/1918,cg1918p5_folder_0
7/3/1918,cg1918p7_folder_0
07/30/1890,cg1890p1_folder_3
07/30/1890,cg1890p2_folder_1
7/30/1902,cg1902p2_folder_20
7/30/1902,cg1902p3_folder_4
7/30/1919,cg1919p3_folder_31
7/30/1919,cg1919p4_folder_3
7/30/1924,cg1924p5_folder_4
7/30/1925,cg1925p1_folder_5
7/30/1931,cg1931p2_folder_5
7/30/1931,cg1931p5_folder_5
7/31/1901,cg1901p2_folder_4
7/31/1907,cg1907p1_folder_9
7/31/1907,cg1907p2_folder_9
7/31/1912,calcgazette1912julysept_folder_5
7/31/1918,cg1918p5_folder_8
7/31/1918,cg1918p7_folder_4
7/31/1930,cg1930p1_folder_4
07/04/1894,cg1894p3_folder_0
7/4/1923,cg1923p2_folder_0
7/4/1929,cg1929p2_folder_0
07/05/1893,cg1893p4_folder_0
07/05/1899,cg1899p2_folder_0
7/5/1905,cg1905p1_folder_1
7/5/1911,TheCalcutta1911adsf_folder_0
7/5/1916,cg1916p6_folder_0
7/5/1922,cg1922p2_folder_29
7/5/1922,cg1922p8_folder_0
7/5/1928,cg1928p1_folder_0
07/06/1898,cg1898p5_folder_0
7/6/1904,cg1904p4_folder_0
7/6/1904,cg1904p5_folder_0
7/6/1904,cg1904p8_folder_28
7/6/1910,calcutta_gazette_else_folder_0
7/6/1910,calcutta_gazette_jan_aug_1910_folder_17
7/6/1921,cg1921p3_folder_0
7/6/1933,cg1933p4_folder_0
07/07/1897,cg1897p2_folder_1
7/7/1909,cg1909p5_folder_1
7/7/1920,cg1920p8_folder_0
7/7/1927,cg1927p5_folder_0
7/7/1932,cg1932p2_folder_0
7/7/1932,cg1932p5_folder_0
07/08/1891,cg1891p3_folder_1
07/08/1891,cg1891p4_folder_1
07/08/1896,cg1896p6_folder_3
7/8/1903,cg1903p2_folder_4
7/8/1908,cg1908p2_folder_1
7/8/1914,cg1914p5_folder_2
7/8/1926,cg1926p5_folder_1
7/9/1902,cg1902p2_folder_17
7/9/1902,cg1902p3_folder_1
7/9/1913,calcgaette1913pt3_folder_1
7/9/1919,cg1919p3_folder_27
7/9/1919,cg1919p3_folder_28
7/9/1924,cg1924p5_folder_1
7/9/1925,cg1925p1_folder_1
7/9/1931,cg1931p2_folder_1
7/9/1931,cg1931p5_folder_1
08/01/1894,cg1894p1_folder_10
08/01/1894,cg1894p3_folder_4
8/1/1900,cg1900p5_folder_5
8/1/1923,cg1923p4_folder_0
8/1/1929,cg1929p2_folder_1
08/10/1898,cg1898p1_folder_4
08/10/1898,cg1898p5_folder_8
8/10/1904,cg1904p4_folder_8
8/10/1904,cg1904p5_folder_8
8/10/1904,cg1904p8_folder_34
8/10/1910,calcutta_gazette_else_folder_10
8/10/1910,calcutta_gazette_jan_aug_1910_folder_23
8/10/1921,cg1921p3_folder_8
8/10/1933,cg1933p4_folder_5
08/11/1897,cg1897p2_folder_8
08/11/1897,cg1897p3_folder_1
08/11/1897,cg1897p4_folder_1
8/11/1909,cg1909p1_folder_17
8/11/1909,cg1909p5_folder_12
8/11/1927,cg1927p5_folder_7
8/11/1932,cg1932p2_folder_6
8/11/1932,cg1932p5_folder_8
08/12/1891,cg1891p3_folder_8
8/12/1903,cg1903p2_folder_10
8/12/1908,cg1908p2_folder_8
8/12/1914,cg1914p2_folder_2
8/12/1914,cg1914p5_folder_9
8/12/1926,cg1926p5_folder_8
08/13/1890,cg1890p1_folder_5
8/13/1902,cg1902p2_folder_22
8/13/1902,cg1902p3_folder_6
8/13/1913,calcgaette1913pt3_folder_9
8/13/1913,calcgaz1912_folder_0
8/13/1919,cg1919p3_folder_33
8/13/1919,cg1919p4_folder_5
8/13/1925,cg1925p1_folder_9
8/13/1931,cg1931p2_folder_7
8/13/1931,cg1931p5_folder_8
8/14/1901,cg1901p2_folder_7
8/14/1907,cg1907p1_folder_12
8/14/1907,cg1907p2_folder_12
8/14/1918,cg1918p2_folder_2
8/14/1918,cg1918p5_folder_9
8/14/1918,cg1918p7_folder_6
8/14/1920,cg1920p8_folder_7
8/14/1930,cg1930p1_folder_6
08/15/1894,cg1894p1_folder_14
08/15/1894,cg1894p3_folder_6
8/15/1900,cg1900p5_folder_8
8/15/1923,cg1923p4_folder_2
8/15/1929,cg1929p2_folder_4
08/16/1893,cg1893p4_folder_8
08/16/1899,cg1899p2_folder_10
8/16/1905,cg1905p1_folder_10
8/16/1911,yetanother1911_folder_0
8/16/1916,cg1916p5_folder_5
8/16/1922,cg1922p2_folder_36
8/16/1922,cg1922p8_folder_8
8/16/1928,cg1928p1_folder_9
08/17/1898,cg1898p1_folder_6
08/17/1898,cg1898p5_folder_10
8/17/1904,cg1904p4_folder_11
8/17/1904,cg1904p5_folder_10
8/17/1904,cg1904p8_folder_35
8/17/1910,calcutta_gazette_else_folder_12
8/17/1910,calcutta_gazette_jan_aug_1910_folder_25
8/17/1921,cg1921p3_folder_9
8/17/1933,cg1933p4_folder_6
08/18/1890,cg1890p2_folder_2
08/18/1897,cg1897p2_folder_9
08/18/1897,cg1897p3_folder_3
08/18/1897,cg1897p4_folder_4
8/18/1909,cg1909p1_folder_18
8/18/1909,cg1909p5_folder_13
8/18/1927,cg1927p5_folder_9
8/18/1932,cg1932p2_folder_8
8/18/1932,cg1932p5_folder_10
08/19/1891,cg1891p3_folder_9
08/19/1896,cg1896p5_folder_3
8/19/1903,cg1903p2_folder_11
8/19/1908,cg1908p2_folder_10
8/19/1914,cg1914p2_folder_5
8/19/1914,cg1914p5_folder_11
8/19/1914,cg1914p5_folder_12
8/19/1926,cg1926p5_folder_9
8/19/1891,cg1891p4_folder_12
08/02/1893,cg1893p4_folder_5
08/02/1899,cg1899p2_folder_7
8/2/1905,cg1905p1_folder_8
8/2/1911,TheCalcutta1911adsf_folder_7
8/2/1916,cg1916p5_folder_3
8/2/1922,cg1922p2_folder_34
8/2/1922,cg1922p8_folder_6
8/2/1928,cg1928p1_folder_6
8/20/1902,cg1902p2_folder_23
8/20/1902,cg1902p3_folder_7
8/20/1913,calcgaette1913pt3_folder_10
8/20/1919,cg1919p3_folder_34
8/20/1919,cg1919p4_folder_6
8/20/1924,cg1924p5_folder_8
8/20/1925,cg1925p1_folder_11
8/20/1931,cg1931p2_folder_8
8/20/1931,cg1931p5_folder_9
08/21/1895,cg1895p2_folder_1
08/21/1895,cg1895p4_folder_4
08/21/1895,cg1895p6_folder_4
8/21/1901,cg1901p2_folder_8
8/21/1907,cg1907p1_folder_13
8/21/1907,cg1907p2_folder_13
8/21/1912,calcgazette1912julysept_folder_11
8/21/1918,cg1918p2_folder_3
8/21/1918,cg1918p5_folder_10
8/21/1918,cg1918p7_folder_7
8/21/1920,cg1920p8_folder_8
8/21/1930,cg1930p1_folder_7
08/22/1894,cg1894p1_folder_16
08/22/1894,cg1894p3_folder_8
8/22/1900,cg1900p5_folder_9
8/22/1911,yetanother1911_folder_3
8/22/1929,cg1929p2_folder_5
08/23/1893,cg1893p4_folder_10
08/23/1899,cg1899p2_folder_11
8/23/1916,cg1916p5_folder_6
8/23/1922,cg1922p2_folder_37
8/23/1928,cg1928p1_folder_10
8/23/1905,cg1905p1_folder_11
08/24/1898,cg1898p1_folder_8
08/24/1898,cg1898p5_folder_11
8/24/1904,cg1904p4_folder_13
8/24/1904,cg1904p5_folder_11
8/24/1904,cg1904p8_folder_36
8/24/1910,calcutta_gazette_else_folder_13
8/24/1918,cg1918p2_folder_4
8/24/1921,cg1921p3_folder_10
8/24/1933,cg1933p4_folder_7
08/25/1897,cg1897p2_folder_10
08/25/1897,cg1897p3_folder_5
08/25/1897,cg1897p4_folder_6
8/25/1909,cg1909p1_folder_21
8/25/1909,cg1909p5_folder_17
8/25/1927,cg1927p5_folder_10
8/25/1932,cg1932p2_folder_9
8/25/1932,cg1932p5_folder_11
08/26/1891,cg1891p3_folder_10
08/26/1891,cg1891p4_folder_14
08/26/1896,cg1896p5_folder_4
8/26/1903,cg1903p2_folder_12
8/26/1908,cg1908p2_folder_13
8/26/1914,cg1914p2_folder_6
8/26/1914,cg1914p5_folder_13
8/26/1926,cg1926p5_folder_11
08/27/1890,cg1890p2_folder_4
8/27/1902,cg1902p2_folder_25
8/27/1902,cg1902p3_folder_9
8/27/1913,calcgaette1913pt3_folder_11
8/27/1919,cg1919p3_folder_35
8/27/1919,cg1919p4_folder_7
8/27/1920,cg1920p8_folder_9
8/27/1925,cg1925p1_folder_12
8/27/1931,cg1931p2_folder_9
8/27/1931,cg1931p5_folder_10
8/28/1901,cg1901p2_folder_9
8/28/1907,cg1907p1_folder_15
8/28/1907,cg1907p2_folder_15
8/28/1912,calcgazette1912julysept_folder_12
8/28/1918,cg1918p5_folder_11
8/28/1930,cg1930p1_folder_8
08/29/1894,cg1894p1_folder_18
08/29/1894,cg1894p3_folder_10
8/29/1923,cg1923p4_folder_4
8/29/1929,cg1929p2_folder_6
08/03/1898,cg1898p1_folder_3
08/03/1898,cg1898p5_folder_7
8/3/1904,cg1904p4_folder_5
8/3/1904,cg1904p5_folder_6
8/3/1904,cg1904p8_folder_33
8/3/1910,calcutta_gazette_else_folder_9
8/3/1910,calcutta_gazette_jan_aug_1910_folder_21
8/3/1921,cg1921p3_folder_6
8/3/1933,cg1933p4_folder_4
08/30/1893,cg1893p4_folder_12
8/30/1905,cg1905p1_folder_13
8/30/1911,yetanother1911_folder_4
8/30/1916,cg1916p5_folder_7
8/30/1922,cg1922p2_folder_38
8/30/1922,cg1922p8_folder_9
8/30/1928,cg1928p1_folder_11
08/31/1898,cg1898p1_folder_10
08/31/1898,cg1898p5_folder_13
8/31/1904,cg1904p4_folder_15
8/31/1904,cg1904p5_folder_12
8/31/1904,cg1904p8_folder_37
8/31/1910,calcutta_gazette_else_folder_14
8/31/1933,cg1933p4_folder_8
08/04/1897,cg1897p2_folder_7
08/04/1897,cg1897p3_folder_0
08/04/1897,cg1897p4_folder_0
8/4/1909,cg1909p1_folder_16
8/4/1909,cg1909p5_folder_11
8/4/1927,cg1927p5_folder_6
8/4/1932,cg1932p2_folder_4
8/4/1932,cg1932p5_folder_6
08/05/1891,cg1891p3_folder_7
8/5/1903,cg1903p2_folder_8
8/5/1908,cg1908p2_folder_7
8/5/1914,cg1914p2_folder_1
8/5/1914,cg1914p5_folder_8
8/5/1926,cg1926p5_folder_7
08/06/1890,cg1890p1_folder_4
8/6/1902,cg1902p3_folder_5
8/6/1902,cg1902p2_folder_21
8/6/1913,calcgaette1913pt3_folder_8
8/6/1919,cg1919p3_folder_32
8/6/1919,cg1919p4_folder_4
8/6/1924,cg1924p5_folder_6
8/6/1925,cg1925p1_folder_7
8/6/1931,cg1931p10_folder_1
8/6/1931,cg1931p2_folder_6
8/6/1931,cg1931p5_folder_7
8/7/1901,cg1901p2_folder_5
8/7/1907,cg1907p1_folder_10
8/7/1907,cg1907p2_folder_10
8/7/1912,calcgazette1912julysept_folder_6
8/7/1918,cg1918p2_folder_0
8/7/1918,cg1918p7_folder_5
8/7/1930,cg1930p1_folder_5
08/08/1894,cg1894p1_folder_12
08/08/1894,cg1894p3_folder_5
8/8/1900,cg1900p5_folder_6
8/8/1920,cg1920p8_folder_5
8/8/1923,cg1923p4_folder_1
8/8/1929,cg1929p2_folder_3
08/09/1893,cg1893p4_folder_6
08/09/1899,cg1899p2_folder_8
8/9/1905,cg1905p1_folder_9
8/9/1911,TheCalcutta1911adsf_folder_9
8/9/1916,cg1916p5_folder_4
8/9/1922,cg1922p2_folder_35
8/9/1922,cg1922p8_folder_7
8/9/1928,cg1928p1_folder_8
09/01/1897,cg1897p2_folder_12
09/01/1897,cg1897p3_folder_7
9/1/1909,cg1909p1_folder_22
9/1/1909,cg1909p5_folder_18
9/1/1927,cg1927p5_folder_11
9/1/1932,cg1932p2_folder_10
9/1/1932,cg1932p5_folder_12
09/10/1890,cg1890p2_folder_6
9/10/1902,cg1902p2_folder_27
9/10/1902,cg1902p3_folder_11
9/10/1913,calcgaette1913pt3_folder_12
9/10/1919,cg1919p3_folder_37
9/10/1919,cg1919p4_folder_9
9/10/1924,cg1924p5_folder_10
9/10/1931,cg1931p2_folder_11
9/10/1931,cg1931p5_folder_12
09/11/1895,cg1895p2_folder_4
09/11/1895,cg1895p4_folder_7
09/11/1895,cg1895p5_folder_1
09/11/1895,cg1895p6_folder_8
9/11/1901,cg1901p2_folder_11
9/11/1907,cg1907p1_folder_18
9/11/1907,cg1907p2_folder_18
9/11/1912,calcgazette1912julysept_folder_14
9/11/1918,cg1918p2_folder_6
9/11/1918,cg1918p5_folder_13
9/11/1930,cg1930p1_folder_10
9/11/1941,cg1895p4_folder_1
09/12/1894,cg1894p3_folder_12
09/12/1894,cg1894p5_folder_1
9/12/1900,cg1900p5_folder_12
9/12/1923,cg1923p4_folder_6
9/12/1929,cg1929p2_folder_8
09/13/1893,cg1893p4_folder_15
9/13/1905,cg1905p1_folder_16
9/13/1911,yetanother1911_folder_6
9/13/1916,cg1916p5_folder_9
9/13/1928,cg1928p1_folder_13
09/14/1898,cg1898p1_folder_12
9/14/1904,cg1904p4_folder_17
9/14/1904,cg1904p5_folder_14
9/14/1904,cg1904p8_folder_39
9/14/1910,calcutta_gazette_else_folder_17
9/14/1914,cg1914p5_folder_20
9/14/1921,cg1921p3_folder_12
9/14/1933,cg1933p4_folder_11
09/15/1897,cg1897p2_folder_15
09/15/1897,cg1897p2_folder_16
09/15/1897,cg1897p3_folder_11
9/15/1909,cg1909p1_folder_26
9/15/1909,cg1909p5_folder_22
9/15/1913,calcgaette1913pt3_folder_13
9/15/1920,cg1920p8_folder_11
9/15/1927,cg1927p5_folder_13
9/15/1932,cg1932p2_folder_12
9/15/1932,cg1932p5_folder_14
09/16/1891,cg1891p3_folder_13
09/16/1896,cg1896p5_folder_7
9/16/1903,cg1903p2_folder_15
9/16/1908,cg1908p2_folder_16
9/16/1914,cg1914p2_folder_13
9/16/1926,cg1926p5_folder_14
09/17/1890,cg1890p1_folder_7
09/17/1890,cg1890p2_folder_7
9/17/1902,cg1902p2_folder_29
9/17/1902,cg1902p3_folder_12
9/17/1919,cg1919p3_folder_39
9/17/1919,cg1919p4_folder_10
9/17/1924,cg1924p5_folder_11
9/17/1925,cg1925p1_folder_14
9/17/1931,cg1931p2_folder_12
9/17/1931,cg1931p5_folder_13
09/18/1895,cg1895p5_folder_3
9/18/1901,cg1901p2_folder_12
9/18/1907,cg1907p1_folder_20
9/18/1907,cg1907p2_folder_20
9/18/1912,calcgazette1912julysept_folder_15
9/18/1918,cg1918p2_folder_7
9/18/1918,cg1918p5_folder_14
9/18/1930,cg1930p1_folder_11
9/18/1941,cg1895p4_folder_2
09/19/1894,cg1894p3_folder_14
09/19/1894,cg1894p5_folder_2
9/19/1900,cg1900p5_folder_14
9/19/1923,cg1923p4_folder_7
9/19/1929,cg1929p2_folder_9
09/02/1891,cg1891p3_folder_11
09/02/1896,cg1896p6_folder_9
9/2/1903,cg1903p2_folder_13
9/2/1908,cg1908p2_folder_14
9/2/1914,cg1914p2_folder_9
9/2/1914,cg1914p5_folder_16
9/2/1926,cg1926p5_folder_12
09/20/1893,cg1893p4_folder_17
9/20/1905,cg1905p1_folder_18
9/20/1911,yetanother1911_folder_7
9/20/1916,cg1916p5_folder_10
09/21/1898,cg1898p1_folder_13
09/21/1898,cg1898p5_folder_16
9/21/1904,cg1904p5_folder_15
9/21/1904,cg1904p8_folder_40
9/21/1910,calcutta_gazette_else_folder_18
9/21/1921,cg1921p3_folder_13
9/21/1933,cg1933p4_folder_12
09/22/1897,cg1897p2_folder_19
09/22/1897,cg1897p3_folder_13
9/22/1909,cg1909p1_folder_29
9/22/1909,cg1909p5_folder_25
9/22/1920,cg1920p8_folder_12
9/22/1927,cg1927p5_folder_16
9/22/1932,cg1932p2_folder_15
9/22/1932,cg1932p5_folder_17
09/23/1891,cg1891p3_folder_14
09/23/1896,cg1896p6_folder_13
9/23/1903,cg1903p2_folder_16
9/23/1908,cg1908p2_folder_17
9/23/1914,cg1914p5_folder_23
9/23/1926,cg1926p5_folder_15
9/23/1926,cg1926p6_folder_1
09/24/1890,cg1890p1_folder_8
09/24/1890,cg1890p2_folder_8
9/24/1902,cg1902p2_folder_30
9/24/1913,calcgaette1913pt3_folder_14
9/24/1913,calcgaette1913pt3_folder_2
9/24/1919,cg1919p3_folder_42
9/24/1924,cg1924p5_folder_14
9/24/1925,cg1925p1_folder_17
9/24/1931,cg1931p2_folder_13
9/24/1931,cg1931p5_folder_14
9/25/1901,cg1901p2_folder_13
9/25/1912,calcgazette1912julysept_folder_16
9/25/1918,cg1918p2_folder_9
9/25/1918,cg1918p5_folder_15
9/25/1930,cg1930p1_folder_12
09/26/1894,cg1894p3_folder_16
09/26/1894,cg1894p5_folder_3
9/26/1900,cg1900p5_folder_16
9/26/1923,cg1923p4_folder_8
9/26/1929,cg1929p2_folder_10
09/27/1893,cg1893p4_folder_18
9/27/1905,cg1905p1_folder_20
9/27/1922,cg1922p8_folder_14
09/28/1898,cg1898p1_folder_14
09/28/1898,cg1898p5_folder_17
9/28/1904,cg1904p4_folder_19
9/28/1904,cg1904p5_folder_16
9/28/1904,cg1904p8_folder_42
9/28/1910,calcutta_gazette_else_folder_21
9/28/1933,cg1933p4_folder_13
09/29/1897,cg1897p2_folder_20
09/29/1897,cg1897p3_folder_16
9/29/1909,cg1909p1_folder_30
9/29/1909,cg1909p5_folder_26
9/29/1927,cg1927p5_folder_17
9/29/1932,cg1932p2_folder_16
9/29/1932,cg1932p5_folder_18
9/3/1908,cg1908p2_folder_18
09/03/1890,cg1890p1_folder_6
09/03/1890,cg1890p2_folder_5
9/3/1902,cg1902p2_folder_26
9/3/1902,cg1902p3_folder_10
9/3/1919,cg1919p3_folder_36
9/3/1924,cg1924p5_folder_9
9/3/1925,cg1925p1_folder_13
9/3/1931,cg1931p5_folder_11
09/30/1896,cg1896p5_folder_8
09/30/1896,cg1896p6_folder_14
9/30/1903,cg1903p2_folder_17
9/30/1914,cg1914p5_folder_25
9/30/1926,cg1926p5_folder_17
09/04/1894,cg1894p3_folder_11
09/04/1895,cg1895p2_folder_3
09/04/1895,cg1895p4_folder_6
09/04/1895,cg1895p5_folder_0
9/4/1901,cg1901p2_folder_10
9/4/1907,cg1907p1_folder_16
9/4/1907,cg1907p2_folder_16
9/4/1912,calcgazette1912julysept_folder_13
9/4/1918,cg1918p2_folder_5
9/4/1918,cg1918p5_folder_12
9/4/1919,cg1919p4_folder_8
9/4/1930,cg1930p1_folder_9
9/4/1931,cg1931p2_folder_10
9/4/1941,cg1895p4_folder_0
09/05/1894,cg1894p5_folder_0
9/5/1900,cg1900p5_folder_11
9/5/1923,cg1923p4_folder_5
9/5/1929,cg1929p2_folder_7
09/06/1893,cg1893p4_folder_13
9/6/1905,cg1905p1_folder_14
9/6/1911,yetanother1911_folder_5
9/6/1916,cg1916p5_folder_8
9/6/1922,cg1922p2_folder_39
9/6/1922,cg1922p8_folder_11
9/6/1928,cg1928p1_folder_12
09/07/1898,cg1898p1_folder_11
09/07/1898,cg1898p5_folder_14
9/7/1904,cg1904p4_folder_16
9/7/1904,cg1904p5_folder_13
9/7/1904,cg1904p8_folder_38
9/7/1910,calcutta_gazette_else_folder_15
9/7/1921,cg1921p3_folder_11
9/7/1933,cg1933p4_folder_9
09/08/1897,cg1897p2_folder_14
09/08/1897,cg1897p3_folder_9
9/8/1909,cg1909p1_folder_24
9/8/1909,cg1909p5_folder_20
9/8/1920,cg1920p8_folder_10
9/8/1927,cg1927p5_folder_12
9/8/1932,cg1932p2_folder_11
9/8/1932,cg1932p5_folder_13
09/09/1891,cg1891p3_folder_12
09/09/1896,cg1896p5_folder_5
09/09/1896,cg1896p6_folder_10
9/9/1903,cg1903p2_folder_14
9/9/1908,cg1908p2_folder_15
9/9/1914,cg1914p2_folder_10
9/9/1914,cg1914p5_folder_17
9/9/1926,cg1926p5_folder_13
10/1/1902,cg1902p2_folder_31
10/1/1902,cg1902p4_folder_0
10/1/1913,calcgazt1913pt4_folder_0
10/1/1925,cg1925p3_folder_0
10/1/1926,cg1926p7_folder_2
10/1/1931,cg1931p6_folder_0
10/1/1931,cg1931p8_folder_0
10/10/1894,cg1894p3_folder_19
10/10/1894,cg1894p5_folder_6
10/10/1900,cg1900p1_folder_1
10/10/1906,cg1906p4_folder_1
10/10/1917,cg1917p1_folder_2
10/10/1929,cg1929p5_folder_3
10/11/1893,cg1893p4_folder_20
10/11/1893,cg1893p5_folder_1
10/11/1899,cg1899p1_folder_2
10/11/1905,cg1905p8_folder_0
10/11/1916,cg1916p1_folder_2
10/11/1928,cg1928p7_folder_1
10/12/1892,cg1892p2_folder_3
10/12/1898,cg1898p1_folder_16
10/12/1898,cg1898p6_folder_1
10/12/1904,cg1904p6_folder_2
10/12/1904,cg1904p8_folder_44
10/12/1904,cg1904p9_folder_0
10/12/1910,calcutta_gazette_something_folder_4
10/12/1933,cg1933p6_folder_2
10/13/1897,cg1897p6_folder_1
10/13/1909,cg1909p1_folder_35
10/13/1909,cg1909p4_folder_3
10/13/1915,cg1915p3_folder_3
10/13/1920,cg1920p5_folder_2
10/13/1932,cg1932p3_folder_1
10/14/1891,cg1891p3_folder_15
10/14/1903,cg1903p1_folder_1
10/14/1908,cg1908p3_folder_2
10/14/1926,cg1926p7_folder_1
10/15/1890,cg1890p2_folder_11
10/15/1902,cg1902p2_folder_33
10/15/1902,cg1902p4_folder_2
10/15/1913,calcgazt1913pt4_folder_2
10/15/1919,cg1919p2_folder_0
10/15/1919,cg1919p3_folder_44
10/15/1919,cg1919p6_folder_1
10/15/1925,cg1925p3_folder_4
10/15/1931,cg1931p6_folder_4
10/15/1931,cg1931p8_folder_1
10/16/1895,cg1895p5_folder_6
10/16/1912,yetanothercalcgazpart11912_folder_5
10/16/1918,cg1918p4_folder_4
10/16/1930,cg1930p7_folder_1
10/17/1894,cg1894p3_folder_20
10/17/1894,cg1894p5_folder_7
10/17/1900,cg1900p1_folder_2
10/17/1906,cg1906p4_folder_3
10/17/1917,cg1917p1_folder_3
10/17/1923,cg1923p7_folder_4
10/17/1929,cg1929p5_folder_5
10/18/1893,cg1893p4_folder_22
10/18/1893,cg1893p5_folder_3
10/18/1899,cg1899p1_folder_3
10/18/1905,cg1905p8_folder_1
10/18/1916,cg1916p1_folder_4
10/18/1928,cg1928p4_folder_6
10/18/1928,cg1928p7_folder_2
10/01/1890,cg1890p2_folder_9
10/19/1898,cg1898p1_folder_17
10/19/1898,cg1898p6_folder_3
10/19/1904,cg1904p6_folder_4
10/19/1904,cg1904p8_folder_45
10/19/1904,cg1904p9_folder_1
10/19/1910,calcutta_gazette_something_folder_5
10/19/1919,cg1919p3_folder_47
10/19/1933,cg1933p6_folder_3
10/02/1895,cg1895p2_folder_7
10/02/1895,cg1895p4_folder_10
10/02/1895,cg1895p5_folder_4
10/2/1901,cg1901p2_folder_14
10/2/1912,yetanothercalcgazpart11912_folder_2
10/2/1918,cg1918p4_folder_0
10/20/1897,cg1897p6_folder_2
10/20/1909,cg1909p4_folder_6
10/20/1915,cg1915p3_folder_4
10/20/1920,cg1920p5_folder_4
10/20/1927,cg1927p2_folder_3
10/20/1932,cg1932p3_folder_2
10/21/1896,cg1896p2_folder_2
10/21/1896,cg1896p5_folder_11
10/21/1903,cg1903p1_folder_2
10/21/1908,cg1908p3_folder_3
10/22/1890,cg1890p2_folder_12
10/22/1902,cg1902p2_folder_34
10/22/1902,cg1902p4_folder_3
10/22/1913,calcgazt1913pt4_folder_3
10/22/1919,cg1919p6_folder_3
10/22/1925,cg1925p3_folder_5
10/22/1931,cg1931p6_folder_5
10/22/1931,cg1931p8_folder_3
10/23/1895,cg1895p5_folder_7
10/23/1912,yetanothercalcgazpart11912_folder_6
10/23/1918,cg1918p4_folder_5
10/23/1930,cg1930p7_folder_2
10/24/1894,cg1894p3_folder_21
10/24/1894,cg1894p5_folder_8
10/24/1900,cg1900p1_folder_3
10/24/1906,cg1906p4_folder_5
10/24/1917,cg1917p1_folder_4
10/24/1923,cg1923p7_folder_5
10/24/1929,cg1929p5_folder_6
10/25/1893,cg1893p4_folder_23
10/25/1893,cg1893p5_folder_4
10/25/1899,cg1899p1_folder_4
10/25/1905,cg1905p8_folder_2
10/25/1910,calcutta_gazette_something_folder_7
10/25/1916,cg1916p1_folder_5
10/25/1928,cg1928p7_folder_3
10/26/1892,cg1892p2_folder_6
10/26/1896,cg1896p5_folder_12
10/26/1898,cg1898p1_folder_19
10/26/1898,cg1898p6_folder_4
10/26/1904,cg1904p6_folder_5
10/26/1904,cg1904p8_folder_46
10/26/1904,cg1904p9_folder_2
10/26/1933,cg1933p6_folder_4
10/27/1897,cg1897p6_folder_3
10/27/1909,cg1909p1_folder_39
10/27/1909,cg1909p4_folder_8
10/27/1915,cg1915p3_folder_5
10/27/1920,cg1920p5_folder_5
10/27/1927,cg1927p2_folder_4
10/27/1932,cg1932p3_folder_3
10/28/1891,cg1891p3_folder_17
10/28/1896,cg1896p2_folder_4
10/28/1903,cg1903p1_folder_4
10/28/1908,cg1908p3_folder_7
10/28/1914,cg1914p1_folder_0
10/28/1926,cg1926p7_folder_3
10/29/1902,cg1902p2_folder_36
10/29/1902,cg1902p4_folder_5
10/29/1913,calcgazt1913pt4_folder_4
10/29/1919,cg1919p6_folder_4
10/29/1931,cg1931p6_folder_6
10/29/1931,cg1931p8_folder_4
10/03/1894,cg1894p3_folder_18
10/03/1894,cg1894p5_folder_5
10/3/1900,cg1900p1_folder_0
10/3/1906,cg1906p4_folder_0
10/3/1917,cg1917p1_folder_0
10/3/1923,cg1923p7_folder_1
10/3/1929,cg1929p5_folder_2
10/30/1912,yetanothercalcgazpart11912_folder_7
10/30/1918,cg1918p4_folder_6
10/31/1894,cg1894p3_folder_24
10/31/1894,cg1894p5_folder_9
10/31/1900,cg1900p1_folder_5
10/31/1906,cg1906p4_folder_7
10/31/1917,cg1917p1_folder_5
10/31/1923,cg1923p7_folder_6
10/31/1929,cg1929p5_folder_7
10/04/1893,cg1893p4_folder_19
10/04/1893,cg1893p5_folder_0
10/04/1899,cg1899p1_folder_1
10/4/1916,cg1916p1_folder_0
10/4/1928,cg1928p7_folder_0
10/05/1892,cg1892p2_folder_0
10/05/1892,cg1892p2_folder_2
10/05/1898,cg1898p1_folder_15
10/05/1898,cg1898p6_folder_0
10/5/1904,cg1904p6_folder_0
10/5/1904,cg1904p8_folder_43
10/5/1910,calcutta_gazette_something_folder_0
10/5/1933,cg1933p6_folder_0
10/06/1897,cg1897p6_folder_0
10/6/1909,cg1909p1_folder_33
10/6/1909,cg1909p4_folder_1
10/6/1915,cg1915p3_folder_2
10/6/1920,cg1920p5_folder_1
10/6/1927,cg1927p2_folder_1
10/6/1932,cg1932p3_folder_0
10/07/1896,cg1896p2_folder_0
10/07/1896,cg1896p5_folder_9
10/7/1903,cg1903p1_folder_0
10/7/1908,cg1908p3_folder_0
10/7/1926,cg1926p7_folder_0
10/08/1890,cg1890p2_folder_10
10/8/1902,cg1902p2_folder_32
10/8/1902,cg1902p4_folder_1
10/8/1913,calcgazt1913pt4_folder_1
10/8/1919,cg1919p3_folder_43
10/8/1919,cg1919p6_folder_0
10/8/1925,cg1925p3_folder_3
10/8/1931,cg1931p6_folder_3
10/09/1895,cg1895p5_folder_5
10/9/1912,yetanothercalcgazpart11912_folder_4
10/9/1918,cg1918p4_folder_3
10/9/1930,cg1930p1_folder_13
11/01/1893,cg1893p4_folder_24
11/01/1893,cg1893p5_folder_6
11/01/1899,cg1899p1_folder_6
11/01/1899,cg1899p1_folder_7
11/1/1905,cg1905p8_folder_4
11/1/1916,cg1916p1_folder_6
11/1/1928,cg1928p7_folder_4
11/10/1897,cg1897p6_folder_5
11/10/1909,cg1909p1_folder_42
11/10/1909,cg1909p4_folder_10
11/10/1915,cg1915p3_folder_7
11/10/1920,cg1920p5_folder_8
11/10/1932,cg1932p3_folder_5
11/10/1932,cg1932p4_folder_1
11/11/1891,cg1891p2_folder_0
11/11/1896,cg1896p2_folder_8
11/11/1896,cg1896p3_folder_2
11/11/1896,cg1896p5_folder_16
11/11/1903,cg1903p1_folder_9
11/11/1908,cg1908p3_folder_9
11/11/1914,cg1914p1_folder_3
11/11/1926,cg1926p7_folder_5
11/12/1902,cg1902p2_folder_38
11/12/1902,cg1902p4_folder_7
11/12/1913,calcgazt1913pt4_folder_6
11/12/1919,cg1919p6_folder_7
11/12/1919,cg1919p9_folder_2
11/12/1925,cg1925p3_folder_9
11/12/1931,cg1931p6_folder_8
11/13/1895,cg1895p2_folder_12
11/13/1895,cg1895p4_folder_15
11/13/1912,yetanothercalcgazpart11912_folder_10
11/13/1930,cg1930p3_folder_1
11/13/1930,cg1930p7_folder_4
11/14/1894,cg1894p3_folder_26
11/14/1900,cg1900p1_folder_7
11/14/1906,cg1906p4_folder_9
11/14/1917,cg1917p1_folder_7
11/14/1917,cg1917p2_folder_1
11/14/1923,cg1923p7_folder_8
11/14/1929,cg1929p5_folder_9
11/15/1893,cg1893p4_folder_26
11/15/1893,cg1893p5_folder_9
11/15/1899,cg1899p1_folder_15
11/15/1899,cg1899p1_folder_9
11/15/1905,cg1905p8_folder_6
11/15/1916,cg1916p1_folder_8
11/15/1928,cg1928p7_folder_7
11/16/1890,cg1896p5_folder_17
11/16/1892,cg1892p2_folder_11
11/16/1904,cg1904p6_folder_10
11/16/1904,cg1904p8_folder_51
11/16/1904,cg1904p9_folder_8
11/16/1910,calcutta_gazette_something_folder_13
11/16/1933,cg1933p1_folder_2
11/16/1933,cg1933p6_folder_7
11/17/1897,cg1897p6_folder_6
11/17/1909,cg1909p1_folder_43
11/17/1909,cg1909p4_folder_11
11/17/1920,cg1920p4_folder_1
11/17/1920,cg1920p5_folder_9
11/17/1932,cg1932p3_folder_6
11/17/1932,cg1932p4_folder_2
11/18/1891,cg1891p2_folder_2
11/18/1891,cg1891p3_folder_19
11/18/1896,cg1896p2_folder_10
11/18/1896,cg1896p3_folder_3
11/18/1903,cg1903p1_folder_12
11/18/1908,cg1908p3_folder_10
11/18/1914,cg1914p1_folder_5
11/18/1926,cg1926p7_folder_6
11/19/1890,cg1890p2_folder_14
11/19/1902,cg1902p2_folder_40
11/19/1902,cg1902p4_folder_8
11/19/1913,calcgazt1913pt4_folder_7
11/19/1919,cg1919p3_folder_49
11/19/1919,cg1919p6_folder_8
11/19/1919,cg1919p9_folder_3
11/19/1925,cg1925p3_folder_10
11/19/1931,cg1931p6_folder_9
11/02/1892,cg1892p2_folder_8
11/02/1898,cg1898p1_folder_20
11/02/1898,cg1898p6_folder_5
11/2/1904,cg1904p6_folder_6
11/2/1904,cg1904p8_folder_48
11/2/1904,cg1904p9_folder_3
11/2/1910,calcutta_gazette_something_folder_8
11/2/1933,cg1933p1_folder_0
11/2/1933,cg1933p6_folder_5
11/20/1895,cg1895p2_folder_5
11/20/1895,cg1895p4_folder_8
11/20/1912,yetanothercalcgazpart11912_folder_11
11/20/1918,cg1918p3_folder_1
11/20/1918,cg1918p4_folder_9
11/20/1930,cg1930p3_folder_2
11/20/1930,cg1930p7_folder_5
11/21/1894,cg1894p3_folder_27
11/21/1900,cg1900p1_folder_10
11/21/1906,cg1906p4_folder_10
11/21/1917,cg1917p1_folder_8
11/21/1917,cg1917p2_folder_2
11/21/1923,cg1923p7_folder_9
11/21/1929,cg1929p5_folder_10
11/22/1893,cg1893p4_folder_28
11/22/1893,cg1893p5_folder_11
11/22/1899,cg1899p1_folder_14
11/22/1905,cg1905p8_folder_7
11/22/1916,cg1916p1_folder_9
11/22/1928,cg1928p7_folder_8
11/23/1892,cg1892p2_folder_13
11/23/1892,cg1892p2_folder_15
11/23/1904,cg1904p6_folder_12
11/23/1904,cg1904p8_folder_52
11/23/1904,cg1904p9_folder_11
11/23/1910,calcutta_gazette_something_folder_15
11/23/1933,cg1933p1_folder_4
11/23/1933,cg1933p6_folder_8
11/24/1897,cg1897p6_folder_8
11/24/1909,cg1909p1_folder_44
11/24/1909,cg1909p4_folder_12
11/24/1915,cg1915p3_folder_9
11/24/1920,cg1920p4_folder_2
11/24/1920,cg1920p5_folder_10
11/24/1932,cg1932p3_folder_7
11/24/1932,cg1932p4_folder_3
11/25/1891,cg1891p2_folder_3
11/25/1891,cg1891p3_folder_20
11/25/1896,cg1896p2_folder_13
11/25/1896,cg1896p3_folder_6
11/25/1896,cg1896p5_folder_20
11/25/1903,cg1903p1_folder_13
11/25/1908,cg1908p3_folder_11
11/25/1914,cg1914p1_folder_6
11/25/1926,cg1926p7_folder_7
11/26/1902,cg1902p2_folder_41
11/26/1902,cg1902p4_folder_9
11/26/1913,calcgazt1913pt4_folder_8
11/26/1919,cg1919p6_folder_9
11/26/1919,cg1919p9_folder_4
11/26/1925,cg1925p3_folder_11
11/26/1931,cg1931p6_folder_10
11/27/1901,cg1901p2_folder_15
11/27/1912,yetanothercalcgaz1912part2_folder_0
11/27/1918,cg1918p3_folder_2
11/27/1918,cg1918p4_folder_10
11/27/1928,cg1928p7_folder_9
11/27/1930,cg1930p3_folder_3
11/27/1930,cg1930p7_folder_6
11/28/1894,cg1894p3_folder_30
11/28/1900,cg1900p1_folder_11
11/28/1906,cg1906p4_folder_12
11/28/1917,cg1917p1_folder_9
11/28/1917,cg1917p2_folder_3
11/28/1923,cg1923p7_folder_10
11/28/1929,cg1929p5_folder_11
11/29/1893,cg1893p4_folder_29
11/29/1893,cg1893p5_folder_13
11/29/1899,cg1899p1_folder_16
11/29/1905,cg1905p8_folder_9
11/29/1916,cg1916p1_folder_11
11/03/1897,cg1897p6_folder_4
11/3/1909,cg1909p1_folder_40
11/3/1909,cg1909p1_folder_41
11/3/1909,cg1909p4_folder_9
11/3/1915,cg1915p3_folder_6
11/3/1920,cg1920p4_folder_0
11/3/1920,cg1920p5_folder_7
11/3/1932,cg1932p3_folder_4
11/3/1932,cg1932p4_folder_0
11/30/1892,cg1892p2_folder_18
11/30/1898,cg1898p1_folder_22
11/30/1898,cg1898p6_folder_7
11/30/1904,cg1904p6_folder_14
11/30/1904,cg1904p8_folder_53
11/30/1904,cg1904p9_folder_12
11/30/1910,calcutta_gazette_something_folder_16
11/30/1933,cg1933p1_folder_3
11/30/1933,cg1933p6_folder_9
11/04/1890,cg1890p2_folder_13
11/04/1896,cg1896p2_folder_7
11/04/1896,cg1896p3_folder_1
11/04/1896,cg1896p5_folder_15
11/4/1903,cg1903p1_folder_7
11/4/1908,cg1908p3_folder_8
11/4/1914,cg1914p1_folder_1
11/4/1926,cg1926p7_folder_4
11/5/1902,cg1902p2_folder_37
11/5/1902,cg1902p4_folder_6
11/5/1919,cg1919p3_folder_48
11/5/1919,cg1919p6_folder_5
11/5/1919,cg1919p9_folder_0
11/5/1925,cg1925p3_folder_7
11/5/1931,cg1931p6_folder_7
11/06/1895,cg1895p2_folder_11
11/06/1895,cg1895p4_folder_14
11/06/1895,cg1895p5_folder_8
11/6/1912,yetanothercalcgazpart11912_folder_9
11/6/1913,calcgazt1913pt4_folder_5
11/6/1918,cg1918p3_folder_0
11/6/1918,cg1918p4_folder_7
11/6/1930,cg1930p3_folder_0
11/07/1894,cg1894p3_folder_25
11/7/1900,cg1900p1_folder_6
11/7/1906,cg1906p4_folder_8
11/7/1917,cg1917p1_folder_6
11/7/1923,cg1923p7_folder_7
11/7/1929,cg1929p5_folder_8
11/08/1893,cg1893p4_folder_25
11/08/1893,cg1893p5_folder_7
11/08/1899,cg1899p1_folder_8
11/8/1905,cg1905p8_folder_5
11/8/1916,cg1916p1_folder_7
11/8/1928,cg1928p7_folder_6
11/09/1892,cg1892p2_folder_9
11/09/1898,cg1898p1_folder_21
11/09/1898,cg1898p6_folder_6
11/9/1904,cg1904p6_folder_8
11/9/1904,cg1904p8_folder_50
11/9/1904,cg1904p9_folder_6
11/9/1910,calcutta_gazette_something_folder_9
11/9/1933,cg1933p1_folder_1
11/9/1933,cg1933p6_folder_6
11/6/1930,cg1930p7_folder_3
11/7/1917,cg1917p2_folder_0
12/01/1897,cg1897p6_folder_9
12/1/1909,cg1909p1_folder_45
12/1/1909,cg1909p4_folder_13
12/1/1915,cg1915p3_folder_11
12/1/1920,cg1920p4_folder_3
12/1/1932,cg1932p3_folder_8
12/1/1932,cg1932p4_folder_4
12/10/1890,cg1890p2_folder_16
12/10/1902,cg1902p2_folder_43
12/10/1902,cg1902p4_folder_11
12/10/1913,calcgazt1913pt4_folder_10
12/10/1919,cg1919p3_folder_50
12/10/1919,cg1919p6_folder_12
12/10/1919,cg1919p9_folder_6
12/10/1925,cg1925p3_folder_14
12/10/1931,cg1931p6_folder_12
12/11/1895,cg1895p2_folder_14
12/11/1895,cg1895p4_folder_18
12/11/1895,cg1895p5_folder_11
12/11/1901,cg1901p2_folder_17
12/11/1918,cg1918p3_folder_4
12/11/1918,cg1918p4_folder_12
12/11/1930,cg1930p3_folder_5
12/11/1930,cg1930p7_folder_8
12/12/1894,cg1894p3_folder_32
12/12/1900,cg1900p1_folder_13
12/12/1906,cg1906p4_folder_16
12/12/1917,cg1917p1_folder_11
12/12/1917,cg1917p2_folder_5
12/12/1923,cg1923p7_folder_12
12/12/1929,cg1929p5_folder_13
12/13/1893,cg1893p4_folder_31
12/13/1893,cg1893p5_folder_17
12/13/1893,cg1893p5_folder_18
12/13/1899,cg1899p1_folder_20
12/13/1905,cg1905p8_folder_11
12/13/1916,cg1916p1_folder_13
12/13/1928,cg1928p7_folder_11
12/14/1892,cg1892p2_folder_20
12/14/1898,cg1898p1_folder_24
12/14/1898,cg1898p6_folder_9
12/14/1904,cg1904p6_folder_16
12/14/1904,cg1904p8_folder_55
12/14/1904,cg1904p9_folder_16
12/14/1910,calcutta_gazette_something_folder_23
12/14/1933,cg1933p1_folder_6
12/15/1897,cg1897p6_folder_13
12/15/1909,cg1909p1_folder_47
12/15/1909,cg1909p4_folder_15
12/15/1915,cg1915p3_folder_15
12/15/1920,cg1920p4_folder_5
12/15/1932,cg1932p3_folder_12
12/15/1932,cg1932p4_folder_7
12/16/1891,cg1891p2_folder_7
12/16/1896,cg1896p2_folder_18
12/16/1896,cg1896p3_folder_10
12/16/1896,cg1896p5_folder_23
12/16/1908,cg1908p3_folder_14
12/16/1914,cg1914p1_folder_12
12/16/1926,cg1926p7_folder_10
12/17/1890,cg1890p2_folder_17
12/17/1902,cg1902p2_folder_44
12/17/1902,cg1902p4_folder_12
12/17/1913,calcgazt1913pt4_folder_12
12/17/1925,cg1925p3_folder_15
12/17/1931,cg1931p6_folder_14
12/18/1895,cg1895p2_folder_15
12/18/1895,cg1895p4_folder_19
12/18/1895,cg1895p5_folder_14
12/18/1912,yetanothercalcgaz1912part2_folder_3
12/18/1918,cg1918p3_folder_5
12/18/1918,cg1918p4_folder_14
12/18/1930,cg1930p3_folder_8
12/19/1900,cg1900p1_folder_14
12/19/1906,cg1906p4_folder_18
12/19/1917,cg1917p1_folder_15
12/19/1917,cg1917p2_folder_8
12/19/1923,cg1923p7_folder_14
12/19/1929,cg1929p5_folder_15
12/02/1891,cg1891p2_folder_4
12/02/1891,cg1891p3_folder_21
12/02/1896,cg1896p2_folder_15
12/02/1896,cg1896p3_folder_7
12/02/1896,cg1896p5_folder_21
12/2/1903,cg1903p1_folder_15
12/2/1908,cg1908p3_folder_12
12/2/1914,cg1914p1_folder_7
12/2/1926,cg1926p7_folder_8
12/20/1893,cg1893p4_folder_33
12/20/1899,cg1899p1_folder_21
12/20/1905,cg1905p8_folder_12
12/20/1916,cg1916p1_folder_14
12/20/1928,cg1928p7_folder_12
12/21/1890,cg1890p2_folder_20
12/21/1892,cg1892p2_folder_22
12/21/1898,cg1898p1_folder_25
12/21/1898,cg1898p6_folder_10
12/21/1904,cg1904p6_folder_17
12/21/1904,cg1904p8_folder_56
12/21/1904,cg1904p9_folder_18
12/21/1910,calcutta_gazette_something_folder_26
12/21/1933,cg1933p1_folder_8
12/22/1909,cg1909p1_folder_50
12/22/1909,cg1909p4_folder_19
12/22/1915,cg1915p3_folder_17
12/22/1915,cg1915p3_folder_18
12/22/1920,cg1920p4_folder_9
12/22/1920,cg1920p5_folder_15
12/22/1930,cg1930p7_folder_11
12/22/1932,cg1932p3_folder_13
12/22/1932,cg1932p4_folder_8
12/23/1891,cg1891p2_folder_8
12/23/1891,cg1891p3_folder_24
12/23/1896,cg1896p2_folder_21
12/23/1896,cg1896p3_folder_13
12/23/1914,cg1914p1_folder_17
12/23/1926,cg1926p7_folder_12
12/24/1890,cg1890p2_folder_18
12/24/1902,cg1902p2_folder_45
12/24/1902,cg1902p4_folder_14
12/24/1913,calcgazt1913pt4_folder_14
12/24/1919,cg1919p3_folder_54
12/24/1919,cg1919p6_folder_13
12/24/1919,cg1919p6_folder_14
12/24/1919,cg1919p9_folder_7
12/24/1919,cg1919p9_folder_8
12/24/1925,cg1925p3_folder_19
12/25/1895,cg1895p2_folder_17
12/25/1912,yetanothercalcgaz1912part2_folder_5
12/25/1918,cg1918p3_folder_7
12/25/1923,cg1923p7_folder_16
12/25/1930,cg1930p3_folder_10
12/25/1930,cg1930p7_folder_13
12/26/1893,cg1893p5_folder_20
12/26/1900,cg1900p1_folder_15
12/26/1917,cg1917p2_folder_9
12/26/1929,cg1929p5_folder_16
12/27/1893,cg1893p4_folder_34
12/27/1893,cg1893p5_folder_21
12/27/1899,cg1899p1_folder_23
12/28/1892,cg1892p2_folder_23
12/28/1896,cg1896p5_folder_24
12/28/1910,calcutta_gazette_something_folder_29
12/28/1933,cg1933p1_folder_10
12/28/1933,cg1933p6_folder_11
12/29/1909,cg1909p4_folder_21
12/29/1920,cg1920p4_folder_10
12/29/1920,cg1920p5_folder_16
12/29/1932,cg1932p3_folder_10
12/29/1932,cg1932p4_folder_9
12/3/1926,cg1926p7_folder_13
12/3/1902,cg1902p4_folder_10
12/3/1913,calcgazt1913pt4_folder_9
12/3/1919,cg1919p6_folder_11
12/3/1925,cg1925p3_folder_12
12/3/1931,cg1931p6_folder_11
12/30/1891,cg1891p2_folder_9
12/30/1891,cg1891p3_folder_26
12/30/1896,cg1896p2_folder_22
12/30/1896,cg1896p3_folder_14
12/30/1896,cg1896p5_folder_25
12/31/1902,cg1902p4_folder_15
12/31/1902,cg1902p4_folder_16
12/31/1913,calcgazt1913pt4_folder_15
12/31/1919,cg1919p6_folder_15
12/31/1919,cg1919p9_folder_9
12/31/1925,cg1925p3_folder_21
12/04/1895,cg1895p2_folder_13
12/04/1895,cg1895p4_folder_17
12/04/1895,cg1895p5_folder_10
12/4/1901,cg1901p2_folder_16
12/4/1912,yetanothercalcgaz1912part2_folder_1
12/4/1918,cg1918p3_folder_3
12/4/1918,cg1918p4_folder_11
12/4/1930,cg1930p3_folder_4
12/4/1930,cg1930p7_folder_7
12/05/1894,cg1894p3_folder_31
12/5/1900,cg1900p1_folder_12
12/5/1904,cg1904p6_folder_15
12/5/1906,cg1906p4_folder_14
12/5/1917,cg1917p1_folder_10
12/5/1917,cg1917p2_folder_4
12/5/1923,cg1923p7_folder_11
12/5/1929,cg1929p5_folder_12
12/06/1893,cg1893p4_folder_30
12/06/1893,cg1893p5_folder_15
12/06/1899,cg1899p1_folder_17
12/6/1905,cg1905p8_folder_10
12/6/1916,cg1916p1_folder_12
12/6/1928,cg1928p7_folder_10
12/07/1892,cg1892p2_folder_19
12/07/1898,cg1898p1_folder_23
12/07/1898,cg1898p6_folder_8
12/7/1904,cg1904p8_folder_54
12/7/1904,cg1904p9_folder_14
12/7/1910,calcutta_gazette_something_folder_17
12/7/1933,cg1933p1_folder_5
12/7/1933,cg1933p6_folder_10
12/08/1896,cg1896p2_folder_16
12/08/1897,cg1897p6_folder_10
12/8/1902,cg1902p2_folder_42
12/8/1909,cg1909p1_folder_46
12/8/1909,cg1909p4_folder_14
12/8/1915,cg1915p3_folder_13
12/8/1920,cg1920p4_folder_4
12/8/1920,cg1920p5_folder_11
12/8/1932,cg1932p3_folder_9
12/8/1932,cg1932p4_folder_5
12/09/1891,cg1891p2_folder_5
12/09/1891,cg1891p3_folder_22
12/09/1896,cg1896p3_folder_9
12/09/1896,cg1896p5_folder_22
12/9/1903,cg1903p1_folder_16
12/9/1908,cg1908p3_folder_13
12/9/1914,cg1914p1_folder_9
12/9/1926,cg1926p7_folder_9
